HostOriginal,VirusOriginal,NCBIAccession,HostFlagID,HostTaxID,HostNCBIResolved,Host,HostGenus,HostFamily,HostOrder,HostClass,VirusTaxID,VirusNCBIResolved,Virus,VirusGenus,VirusFamily,VirusOrder,VirusClass,CollectionYear,CollectionMonth,CollectionDay
columba livia domestica,influenza a virus,NA,FALSE,NA,NA,NA,NA,NA,NA,NA,11320,TRUE,Influenza A virus,Alphainfluenzavirus,Orthomyxoviridae,Articulavirales,Insthoviricetes,2017,12,15
cairina moschata,influenza a virus,NA,FALSE,8855,TRUE,Cairina moschata,Cairina,Anatidae,Anseriformes,Aves,11320,TRUE,Influenza A virus,Alphainfluenzavirus,Orthomyxoviridae,Articulavirales,Insthoviricetes,2017,12,29
cairina moschata,influenza a virus,NA,FALSE,8855,TRUE,Cairina moschata,Cairina,Anatidae,Anseriformes,Aves,11320,TRUE,Influenza A virus,Alphainfluenzavirus,Orthomyxoviridae,Articulavirales,Insthoviricetes,2017,12,29
bandicota sp.,murine coronavirus,MT083417,FALSE,69078,TRUE,NA,Bandicota,Muridae,Rodentia,Mammalia,694005,TRUE,Murine coronavirus,Betacoronavirus,Coronaviridae,Nidovirales,Pisoniviricetes,2018,8,7
rattus tanezumi,predict_pmv-58,MT063634,FALSE,35732,TRUE,Rattus tanezumi,Rattus,Muridae,Rodentia,Mammalia,NA,FALSE,predict_pmv-58,NA,paramyxoviridae,mononegavirales,NA,2018,8,31
anser cygnoid,duck coronavirus,MT083410,FALSE,NA,FALSE,anser cygnoid,NA,NA,NA,NA,694014,TRUE,Avian coronavirus,Gammacoronavirus,Coronaviridae,Nidovirales,Pisoniviricetes,2017,1,18
corvus macrorhynchos,influenza a virus,NA,FALSE,36249,TRUE,Corvus macrorhynchos,Corvus,Corvidae,Passeriformes,Aves,11320,TRUE,Influenza A virus,Alphainfluenzavirus,Orthomyxoviridae,Articulavirales,Insthoviricetes,2016,2,20
rhinolophus alcyone,kenya bat coronavirus/btky83/59/58,MT082121,FALSE,249024,TRUE,Rhinolophus alcyone,Rhinolophus,Rhinolophidae,Chiroptera,Mammalia,NA,FALSE,kenya bat coronavirus/btky83/59/58,alphacoronavirus,coronaviridae,nidovirales,NA,2018,5,9
glauconycteris poensis,kenya bat coronavirus/btky66/65/63/60,MT125485,FALSE,258909,TRUE,Glauconycteris poensis,Glauconycteris,Vespertilionidae,Chiroptera,Mammalia,NA,FALSE,kenya bat coronavirus/btky66/65/63/60,alphacoronavirus,coronaviridae,nidovirales,NA,2018,1,23
miniopterus sp.,kenya bat coronavirus/btky66/65/63/60,MT125490,FALSE,9432,TRUE,NA,Miniopterus,Vespertilionidae,Chiroptera,Mammalia,NA,FALSE,kenya bat coronavirus/btky66/65/63/60,alphacoronavirus,coronaviridae,nidovirales,NA,2018,1,25
acerodon celebensis,predict_cov-73,MT083135,FALSE,58057,TRUE,Acerodon celebensis,Acerodon,Pteropodidae,Chiroptera,Mammalia,NA,FALSE,predict_cov-73,NA,coronaviridae,nidovirales,NA,2016,3,5
acerodon celebensis,predict_cov-73,MT083066,FALSE,58057,TRUE,Acerodon celebensis,Acerodon,Pteropodidae,Chiroptera,Mammalia,NA,FALSE,predict_cov-73,NA,coronaviridae,nidovirales,NA,2016,3,5
acerodon celebensis,influenza a virus,NA,FALSE,58057,TRUE,Acerodon celebensis,Acerodon,Pteropodidae,Chiroptera,Mammalia,11320,TRUE,Influenza A virus,Alphainfluenzavirus,Orthomyxoviridae,Articulavirales,Insthoviricetes,2016,3,6
acerodon celebensis,predict_cov-73,MT083134,FALSE,58057,TRUE,Acerodon celebensis,Acerodon,Pteropodidae,Chiroptera,Mammalia,NA,FALSE,predict_cov-73,NA,coronaviridae,nidovirales,NA,2016,3,6
acerodon celebensis,predict_pmv-93,MT063255,FALSE,58057,TRUE,Acerodon celebensis,Acerodon,Pteropodidae,Chiroptera,Mammalia,NA,FALSE,predict_pmv-93,NA,paramyxoviridae,mononegavirales,NA,2016,3,7
acerodon celebensis,influenza a virus,NA,FALSE,58057,TRUE,Acerodon celebensis,Acerodon,Pteropodidae,Chiroptera,Mammalia,11320,TRUE,Influenza A virus,Alphainfluenzavirus,Orthomyxoviridae,Articulavirales,Insthoviricetes,2016,3,7
acerodon celebensis,predict_cov-73,MT083067,FALSE,58057,TRUE,Acerodon celebensis,Acerodon,Pteropodidae,Chiroptera,Mammalia,NA,FALSE,predict_cov-73,NA,coronaviridae,nidovirales,NA,2016,3,7
acerodon celebensis,influenza a virus,NA,FALSE,58057,TRUE,Acerodon celebensis,Acerodon,Pteropodidae,Chiroptera,Mammalia,11320,TRUE,Influenza A virus,Alphainfluenzavirus,Orthomyxoviridae,Articulavirales,Insthoviricetes,2016,3,7
acerodon celebensis,influenza a virus,NA,FALSE,58057,TRUE,Acerodon celebensis,Acerodon,Pteropodidae,Chiroptera,Mammalia,11320,TRUE,Influenza A virus,Alphainfluenzavirus,Orthomyxoviridae,Articulavirales,Insthoviricetes,2016,3,9
acerodon celebensis,influenza a virus,NA,FALSE,58057,TRUE,Acerodon celebensis,Acerodon,Pteropodidae,Chiroptera,Mammalia,11320,TRUE,Influenza A virus,Alphainfluenzavirus,Orthomyxoviridae,Articulavirales,Insthoviricetes,2016,3,9
acerodon celebensis,influenza a virus,NA,FALSE,58057,TRUE,Acerodon celebensis,Acerodon,Pteropodidae,Chiroptera,Mammalia,11320,TRUE,Influenza A virus,Alphainfluenzavirus,Orthomyxoviridae,Articulavirales,Insthoviricetes,2016,3,9
acerodon celebensis,influenza a virus,NA,FALSE,58057,TRUE,Acerodon celebensis,Acerodon,Pteropodidae,Chiroptera,Mammalia,11320,TRUE,Influenza A virus,Alphainfluenzavirus,Orthomyxoviridae,Articulavirales,Insthoviricetes,2016,3,9
acerodon celebensis,influenza a virus,NA,FALSE,58057,TRUE,Acerodon celebensis,Acerodon,Pteropodidae,Chiroptera,Mammalia,11320,TRUE,Influenza A virus,Alphainfluenzavirus,Orthomyxoviridae,Articulavirales,Insthoviricetes,2016,3,9
acerodon celebensis,influenza a virus,NA,FALSE,58057,TRUE,Acerodon celebensis,Acerodon,Pteropodidae,Chiroptera,Mammalia,11320,TRUE,Influenza A virus,Alphainfluenzavirus,Orthomyxoviridae,Articulavirales,Insthoviricetes,2016,3,9
acerodon celebensis,influenza a virus,NA,FALSE,58057,TRUE,Acerodon celebensis,Acerodon,Pteropodidae,Chiroptera,Mammalia,11320,TRUE,Influenza A virus,Alphainfluenzavirus,Orthomyxoviridae,Articulavirales,Insthoviricetes,2016,3,9
acerodon celebensis,influenza a virus,NA,FALSE,58057,TRUE,Acerodon celebensis,Acerodon,Pteropodidae,Chiroptera,Mammalia,11320,TRUE,Influenza A virus,Alphainfluenzavirus,Orthomyxoviridae,Articulavirales,Insthoviricetes,2016,3,9
acerodon celebensis,influenza a virus,NA,FALSE,58057,TRUE,Acerodon celebensis,Acerodon,Pteropodidae,Chiroptera,Mammalia,11320,TRUE,Influenza A virus,Alphainfluenzavirus,Orthomyxoviridae,Articulavirales,Insthoviricetes,2016,3,9
acerodon celebensis,influenza a virus,NA,FALSE,58057,TRUE,Acerodon celebensis,Acerodon,Pteropodidae,Chiroptera,Mammalia,11320,TRUE,Influenza A virus,Alphainfluenzavirus,Orthomyxoviridae,Articulavirales,Insthoviricetes,2016,3,9
acerodon celebensis,influenza a virus,NA,FALSE,58057,TRUE,Acerodon celebensis,Acerodon,Pteropodidae,Chiroptera,Mammalia,11320,TRUE,Influenza A virus,Alphainfluenzavirus,Orthomyxoviridae,Articulavirales,Insthoviricetes,2016,3,9
acerodon celebensis,influenza a virus,NA,FALSE,58057,TRUE,Acerodon celebensis,Acerodon,Pteropodidae,Chiroptera,Mammalia,11320,TRUE,Influenza A virus,Alphainfluenzavirus,Orthomyxoviridae,Articulavirales,Insthoviricetes,2016,3,9
acerodon celebensis,predict_pmv-111,MT083777,FALSE,58057,TRUE,Acerodon celebensis,Acerodon,Pteropodidae,Chiroptera,Mammalia,NA,FALSE,predict_pmv-111,NA,paramyxoviridae,mononegavirales,NA,2016,9,2
acerodon celebensis,predict_pmv-95,MT063256,FALSE,58057,TRUE,Acerodon celebensis,Acerodon,Pteropodidae,Chiroptera,Mammalia,NA,FALSE,predict_pmv-95,NA,paramyxoviridae,mononegavirales,monjiviricetes,2016,9,2
pteropus alecto,influenza a virus,NA,FALSE,9402,TRUE,Pteropus alecto,Pteropus,Pteropodidae,Chiroptera,Mammalia,11320,TRUE,Influenza A virus,Alphainfluenzavirus,Orthomyxoviridae,Articulavirales,Insthoviricetes,2016,9,2
pteropus alecto,predict_cov-16,MT064810,FALSE,9402,TRUE,Pteropus alecto,Pteropus,Pteropodidae,Chiroptera,Mammalia,NA,FALSE,predict_cov-16,NA,coronaviridae,nidovirales,NA,2016,9,2
pteropus alecto,predict_pmv-94,MT063257,FALSE,9402,TRUE,Pteropus alecto,Pteropus,Pteropodidae,Chiroptera,Mammalia,NA,FALSE,predict_pmv-94,NA,paramyxoviridae,mononegavirales,NA,2016,9,2
pteropus alecto,influenza a virus,NA,FALSE,9402,TRUE,Pteropus alecto,Pteropus,Pteropodidae,Chiroptera,Mammalia,11320,TRUE,Influenza A virus,Alphainfluenzavirus,Orthomyxoviridae,Articulavirales,Insthoviricetes,2016,9,2
pteropus alecto,influenza a virus,NA,FALSE,9402,TRUE,Pteropus alecto,Pteropus,Pteropodidae,Chiroptera,Mammalia,11320,TRUE,Influenza A virus,Alphainfluenzavirus,Orthomyxoviridae,Articulavirales,Insthoviricetes,2016,9,2
pteropus alecto,influenza a virus,NA,FALSE,9402,TRUE,Pteropus alecto,Pteropus,Pteropodidae,Chiroptera,Mammalia,11320,TRUE,Influenza A virus,Alphainfluenzavirus,Orthomyxoviridae,Articulavirales,Insthoviricetes,2016,9,2
pteropus alecto,predict_pmv-100,MT063272,FALSE,9402,TRUE,Pteropus alecto,Pteropus,Pteropodidae,Chiroptera,Mammalia,NA,FALSE,predict_pmv-100,NA,paramyxoviridae,mononegavirales,NA,2016,9,2
pteropus alecto,influenza a virus,NA,FALSE,9402,TRUE,Pteropus alecto,Pteropus,Pteropodidae,Chiroptera,Mammalia,11320,TRUE,Influenza A virus,Alphainfluenzavirus,Orthomyxoviridae,Articulavirales,Insthoviricetes,2016,9,2
pteropus alecto,influenza a virus,NA,FALSE,9402,TRUE,Pteropus alecto,Pteropus,Pteropodidae,Chiroptera,Mammalia,11320,TRUE,Influenza A virus,Alphainfluenzavirus,Orthomyxoviridae,Articulavirales,Insthoviricetes,2016,9,2
pteropus alecto,influenza a virus,NA,FALSE,9402,TRUE,Pteropus alecto,Pteropus,Pteropodidae,Chiroptera,Mammalia,11320,TRUE,Influenza A virus,Alphainfluenzavirus,Orthomyxoviridae,Articulavirales,Insthoviricetes,2016,9,2
pteropus alecto,influenza a virus,NA,FALSE,9402,TRUE,Pteropus alecto,Pteropus,Pteropodidae,Chiroptera,Mammalia,11320,TRUE,Influenza A virus,Alphainfluenzavirus,Orthomyxoviridae,Articulavirales,Insthoviricetes,2016,9,2
pteropus alecto,influenza a virus,NA,FALSE,9402,TRUE,Pteropus alecto,Pteropus,Pteropodidae,Chiroptera,Mammalia,11320,TRUE,Influenza A virus,Alphainfluenzavirus,Orthomyxoviridae,Articulavirales,Insthoviricetes,2016,9,2
pteropus alecto,influenza a virus,NA,FALSE,9402,TRUE,Pteropus alecto,Pteropus,Pteropodidae,Chiroptera,Mammalia,11320,TRUE,Influenza A virus,Alphainfluenzavirus,Orthomyxoviridae,Articulavirales,Insthoviricetes,2016,9,2
pteropus alecto,influenza a virus,NA,FALSE,9402,TRUE,Pteropus alecto,Pteropus,Pteropodidae,Chiroptera,Mammalia,11320,TRUE,Influenza A virus,Alphainfluenzavirus,Orthomyxoviridae,Articulavirales,Insthoviricetes,2016,9,2
pteropus alecto,influenza a virus,NA,FALSE,9402,TRUE,Pteropus alecto,Pteropus,Pteropodidae,Chiroptera,Mammalia,11320,TRUE,Influenza A virus,Alphainfluenzavirus,Orthomyxoviridae,Articulavirales,Insthoviricetes,2016,9,2
pteropus alecto,influenza a virus,NA,FALSE,9402,TRUE,Pteropus alecto,Pteropus,Pteropodidae,Chiroptera,Mammalia,11320,TRUE,Influenza A virus,Alphainfluenzavirus,Orthomyxoviridae,Articulavirales,Insthoviricetes,2016,9,2
pteropus alecto,influenza a virus,NA,FALSE,9402,TRUE,Pteropus alecto,Pteropus,Pteropodidae,Chiroptera,Mammalia,11320,TRUE,Influenza A virus,Alphainfluenzavirus,Orthomyxoviridae,Articulavirales,Insthoviricetes,2016,9,2
pteropus alecto,influenza a virus,NA,FALSE,9402,TRUE,Pteropus alecto,Pteropus,Pteropodidae,Chiroptera,Mammalia,11320,TRUE,Influenza A virus,Alphainfluenzavirus,Orthomyxoviridae,Articulavirales,Insthoviricetes,2016,9,3
pteropus alecto,influenza a virus,NA,FALSE,9402,TRUE,Pteropus alecto,Pteropus,Pteropodidae,Chiroptera,Mammalia,11320,TRUE,Influenza A virus,Alphainfluenzavirus,Orthomyxoviridae,Articulavirales,Insthoviricetes,2016,9,3
pteropus alecto,influenza a virus,NA,FALSE,9402,TRUE,Pteropus alecto,Pteropus,Pteropodidae,Chiroptera,Mammalia,11320,TRUE,Influenza A virus,Alphainfluenzavirus,Orthomyxoviridae,Articulavirales,Insthoviricetes,2016,9,3
pteropus alecto,influenza a virus,NA,FALSE,9402,TRUE,Pteropus alecto,Pteropus,Pteropodidae,Chiroptera,Mammalia,11320,TRUE,Influenza A virus,Alphainfluenzavirus,Orthomyxoviridae,Articulavirales,Insthoviricetes,2016,9,3
pteropus alecto,influenza a virus,NA,FALSE,9402,TRUE,Pteropus alecto,Pteropus,Pteropodidae,Chiroptera,Mammalia,11320,TRUE,Influenza A virus,Alphainfluenzavirus,Orthomyxoviridae,Articulavirales,Insthoviricetes,2016,9,3
pteropus alecto,influenza a virus,NA,FALSE,9402,TRUE,Pteropus alecto,Pteropus,Pteropodidae,Chiroptera,Mammalia,11320,TRUE,Influenza A virus,Alphainfluenzavirus,Orthomyxoviridae,Articulavirales,Insthoviricetes,2016,9,3
pteropus alecto,influenza a virus,NA,FALSE,9402,TRUE,Pteropus alecto,Pteropus,Pteropodidae,Chiroptera,Mammalia,11320,TRUE,Influenza A virus,Alphainfluenzavirus,Orthomyxoviridae,Articulavirales,Insthoviricetes,2016,9,4
acerodon celebensis,predict_cov-73,MT083099,FALSE,58057,TRUE,Acerodon celebensis,Acerodon,Pteropodidae,Chiroptera,Mammalia,NA,FALSE,predict_cov-73,NA,coronaviridae,nidovirales,NA,2016,9,4
pteropus alecto,predict_cov-16,MT064811,FALSE,9402,TRUE,Pteropus alecto,Pteropus,Pteropodidae,Chiroptera,Mammalia,NA,FALSE,predict_cov-16,NA,coronaviridae,nidovirales,NA,2016,9,4
pteropus alecto,predict_cov-16,MT064812,FALSE,9402,TRUE,Pteropus alecto,Pteropus,Pteropodidae,Chiroptera,Mammalia,NA,FALSE,predict_cov-16,NA,coronaviridae,nidovirales,NA,2016,9,4
acerodon celebensis,predict_cov-73,MT083105,FALSE,58057,TRUE,Acerodon celebensis,Acerodon,Pteropodidae,Chiroptera,Mammalia,NA,FALSE,predict_cov-73,NA,coronaviridae,nidovirales,NA,2016,9,5
acerodon celebensis,predict_cov-83,MT083106,FALSE,58057,TRUE,Acerodon celebensis,Acerodon,Pteropodidae,Chiroptera,Mammalia,NA,FALSE,predict_cov-83,NA,coronaviridae,nidovirales,NA,2016,9,5
pteropus alecto,influenza a virus,NA,FALSE,9402,TRUE,Pteropus alecto,Pteropus,Pteropodidae,Chiroptera,Mammalia,11320,TRUE,Influenza A virus,Alphainfluenzavirus,Orthomyxoviridae,Articulavirales,Insthoviricetes,2016,9,5
pteropus alecto,pteropus poliocephalus paramyxovirus,MT083776,FALSE,9402,TRUE,Pteropus alecto,Pteropus,Pteropodidae,Chiroptera,Mammalia,1562768,TRUE,Pteropus poliocephalus paramyxovirus,NA,Paramyxoviridae,Mononegavirales,Monjiviricetes,2016,9,5
pteropus alecto,predict_cov-16,MT064813,FALSE,9402,TRUE,Pteropus alecto,Pteropus,Pteropodidae,Chiroptera,Mammalia,NA,FALSE,predict_cov-16,NA,coronaviridae,nidovirales,NA,2016,9,5
pteropus alecto,predict_pmv-10,MT063258,FALSE,9402,TRUE,Pteropus alecto,Pteropus,Pteropodidae,Chiroptera,Mammalia,NA,FALSE,predict_pmv-10,NA,paramyxoviridae,mononegavirales,NA,2016,9,5
pteropus alecto,predict_cov-16,MT064814,FALSE,9402,TRUE,Pteropus alecto,Pteropus,Pteropodidae,Chiroptera,Mammalia,NA,FALSE,predict_cov-16,NA,coronaviridae,nidovirales,NA,2016,9,5
pteropus alecto,predict_cov-16,MT064815,FALSE,9402,TRUE,Pteropus alecto,Pteropus,Pteropodidae,Chiroptera,Mammalia,NA,FALSE,predict_cov-16,NA,coronaviridae,nidovirales,NA,2016,9,5
pteropus alecto,predict_cov-16,MT064816,FALSE,9402,TRUE,Pteropus alecto,Pteropus,Pteropodidae,Chiroptera,Mammalia,NA,FALSE,predict_cov-16,NA,coronaviridae,nidovirales,NA,2016,9,17
pteropus alecto,predict_cov-73,MT083144,FALSE,9402,TRUE,Pteropus alecto,Pteropus,Pteropodidae,Chiroptera,Mammalia,NA,FALSE,predict_cov-73,NA,coronaviridae,nidovirales,NA,2016,12,18
pteropus alecto,influenza a virus,NA,FALSE,9402,TRUE,Pteropus alecto,Pteropus,Pteropodidae,Chiroptera,Mammalia,11320,TRUE,Influenza A virus,Alphainfluenzavirus,Orthomyxoviridae,Articulavirales,Insthoviricetes,2016,12,20
acerodon celebensis,predict_cov-73,MT064664,FALSE,58057,TRUE,Acerodon celebensis,Acerodon,Pteropodidae,Chiroptera,Mammalia,NA,FALSE,predict_cov-73,NA,coronaviridae,nidovirales,NA,2016,12,27
acerodon celebensis,predict_cov-73,MT083145,FALSE,58057,TRUE,Acerodon celebensis,Acerodon,Pteropodidae,Chiroptera,Mammalia,NA,FALSE,predict_cov-73,NA,coronaviridae,nidovirales,NA,2016,12,27
acerodon celebensis,predict_cov-73,MT064665,FALSE,58057,TRUE,Acerodon celebensis,Acerodon,Pteropodidae,Chiroptera,Mammalia,NA,FALSE,predict_cov-73,NA,coronaviridae,nidovirales,NA,2016,12,28
pteropus alecto,bat coronavirus hku9,MT083146,FALSE,9402,TRUE,Pteropus alecto,Pteropus,Pteropodidae,Chiroptera,Mammalia,694006,TRUE,Rousettus bat coronavirus HKU9,Betacoronavirus,Coronaviridae,Nidovirales,Pisoniviricetes,2016,12,28
pteropus alecto,predict_cov-83,MT083197,FALSE,9402,TRUE,Pteropus alecto,Pteropus,Pteropodidae,Chiroptera,Mammalia,NA,FALSE,predict_cov-83,NA,coronaviridae,nidovirales,NA,2017,2,21
acerodon celebensis,predict_cov-73,MT083148,FALSE,58057,TRUE,Acerodon celebensis,Acerodon,Pteropodidae,Chiroptera,Mammalia,NA,FALSE,predict_cov-73,NA,coronaviridae,nidovirales,NA,2017,2,21
pteropus alecto,predict_pmv-102,MT063276,FALSE,9402,TRUE,Pteropus alecto,Pteropus,Pteropodidae,Chiroptera,Mammalia,NA,FALSE,predict_pmv-102,NA,paramyxoviridae,mononegavirales,NA,2017,2,21
acerodon celebensis,predict_cov-73,MT083149,FALSE,58057,TRUE,Acerodon celebensis,Acerodon,Pteropodidae,Chiroptera,Mammalia,NA,FALSE,predict_cov-73,NA,coronaviridae,nidovirales,NA,2017,2,21
acerodon celebensis,predict_cov-73,MT083150,FALSE,58057,TRUE,Acerodon celebensis,Acerodon,Pteropodidae,Chiroptera,Mammalia,NA,FALSE,predict_cov-73,NA,coronaviridae,nidovirales,NA,2017,2,21
pteropus alecto,predict_cov-16,MT064667,FALSE,9402,TRUE,Pteropus alecto,Pteropus,Pteropodidae,Chiroptera,Mammalia,NA,FALSE,predict_cov-16,NA,coronaviridae,nidovirales,NA,2017,2,21
pteropus alecto,predict_cov-16,MT064668,FALSE,9402,TRUE,Pteropus alecto,Pteropus,Pteropodidae,Chiroptera,Mammalia,NA,FALSE,predict_cov-16,NA,coronaviridae,nidovirales,NA,2017,2,21
pteropus alecto,predict_cov-83,MT083162,FALSE,9402,TRUE,Pteropus alecto,Pteropus,Pteropodidae,Chiroptera,Mammalia,NA,FALSE,predict_cov-83,NA,coronaviridae,nidovirales,NA,2017,2,21
cynopterus sp.,philippines/diliman1525g2/2008,MT083060,FALSE,9399,TRUE,NA,Cynopterus,Pteropodidae,Chiroptera,Mammalia,NA,FALSE,philippines/diliman1525g2/2008,betacoronavirus,coronaviridae,nidovirales,NA,2017,2,26
cynopterus sp.,influenza a virus,NA,FALSE,9399,TRUE,NA,Cynopterus,Pteropodidae,Chiroptera,Mammalia,11320,TRUE,Influenza A virus,Alphainfluenzavirus,Orthomyxoviridae,Articulavirales,Insthoviricetes,2017,2,27
cynopterus sp.,philippines/diliman1525g2/2008,MT064818,FALSE,9399,TRUE,NA,Cynopterus,Pteropodidae,Chiroptera,Mammalia,NA,FALSE,philippines/diliman1525g2/2008,betacoronavirus,coronaviridae,nidovirales,NA,2017,2,27
cynopterus sp.,philippines/diliman1525g2/2008,MT083058,FALSE,9399,TRUE,NA,Cynopterus,Pteropodidae,Chiroptera,Mammalia,NA,FALSE,philippines/diliman1525g2/2008,betacoronavirus,coronaviridae,nidovirales,NA,2017,2,27
thoopterus sp.,influenza a virus,NA,FALSE,58086,TRUE,NA,Thoopterus,Pteropodidae,Chiroptera,Mammalia,11320,TRUE,Influenza A virus,Alphainfluenzavirus,Orthomyxoviridae,Articulavirales,Insthoviricetes,2017,2,27
acerodon celebensis,predict_cov-73,MT083141,FALSE,58057,TRUE,Acerodon celebensis,Acerodon,Pteropodidae,Chiroptera,Mammalia,NA,FALSE,predict_cov-73,NA,coronaviridae,nidovirales,NA,2017,2,28
acerodon celebensis,influenza a virus,NA,FALSE,58057,TRUE,Acerodon celebensis,Acerodon,Pteropodidae,Chiroptera,Mammalia,11320,TRUE,Influenza A virus,Alphainfluenzavirus,Orthomyxoviridae,Articulavirales,Insthoviricetes,2017,2,28
acerodon celebensis,influenza a virus,NA,FALSE,58057,TRUE,Acerodon celebensis,Acerodon,Pteropodidae,Chiroptera,Mammalia,11320,TRUE,Influenza A virus,Alphainfluenzavirus,Orthomyxoviridae,Articulavirales,Insthoviricetes,2017,2,28
acerodon celebensis,influenza a virus,NA,FALSE,58057,TRUE,Acerodon celebensis,Acerodon,Pteropodidae,Chiroptera,Mammalia,11320,TRUE,Influenza A virus,Alphainfluenzavirus,Orthomyxoviridae,Articulavirales,Insthoviricetes,2017,2,28
thoopterus sp.,philippines/diliman1525g2/2008,MT064819,FALSE,58086,TRUE,NA,Thoopterus,Pteropodidae,Chiroptera,Mammalia,NA,FALSE,philippines/diliman1525g2/2008,betacoronavirus,coronaviridae,nidovirales,NA,2017,3,1
thoopterus sp.,philippines/diliman1525g2/2008,MT083059,FALSE,58086,TRUE,NA,Thoopterus,Pteropodidae,Chiroptera,Mammalia,NA,FALSE,philippines/diliman1525g2/2008,betacoronavirus,coronaviridae,nidovirales,NA,2017,3,1
rousettus amplexicaudatus,predict_pmv-112,MT083778,FALSE,58083,TRUE,Rousettus amplexicaudatus,Rousettus,Pteropodidae,Chiroptera,Mammalia,NA,FALSE,predict_pmv-112,NA,paramyxoviridae,mononegavirales,NA,2017,3,1
rousettus amplexicaudatus,influenza a virus,NA,FALSE,58083,TRUE,Rousettus amplexicaudatus,Rousettus,Pteropodidae,Chiroptera,Mammalia,11320,TRUE,Influenza A virus,Alphainfluenzavirus,Orthomyxoviridae,Articulavirales,Insthoviricetes,2017,3,1
pteropus alecto,predict_cov-16,MT064714,FALSE,9402,TRUE,Pteropus alecto,Pteropus,Pteropodidae,Chiroptera,Mammalia,NA,FALSE,predict_cov-16,NA,coronaviridae,nidovirales,NA,2017,7,23
pteropus alecto,predict_pmv-126,MT063384,FALSE,9402,TRUE,Pteropus alecto,Pteropus,Pteropodidae,Chiroptera,Mammalia,NA,FALSE,predict_pmv-126,NA,paramyxoviridae,mononegavirales,NA,2017,7,28
pteropus alecto,predict_pmv-124,MT063409,FALSE,9402,TRUE,Pteropus alecto,Pteropus,Pteropodidae,Chiroptera,Mammalia,NA,FALSE,predict_pmv-124,NA,paramyxoviridae,mononegavirales,NA,2017,7,29
pteropus alecto,predict_pmv-121,MT063408,FALSE,9402,TRUE,Pteropus alecto,Pteropus,Pteropodidae,Chiroptera,Mammalia,NA,FALSE,predict_pmv-121,NA,paramyxoviridae,mononegavirales,NA,2017,7,29
pteropus alecto,predict_pmv-124,MT063407,FALSE,9402,TRUE,Pteropus alecto,Pteropus,Pteropodidae,Chiroptera,Mammalia,NA,FALSE,predict_pmv-124,NA,paramyxoviridae,mononegavirales,NA,2017,7,29
pteropus alecto,predict_pmv-121,MT063383,FALSE,9402,TRUE,Pteropus alecto,Pteropus,Pteropodidae,Chiroptera,Mammalia,NA,FALSE,predict_pmv-121,NA,paramyxoviridae,mononegavirales,NA,2017,7,29
pteropus alecto,predict_cov-16,MT064713,FALSE,9402,TRUE,Pteropus alecto,Pteropus,Pteropodidae,Chiroptera,Mammalia,NA,FALSE,predict_cov-16,NA,coronaviridae,nidovirales,NA,2017,7,29
pteropus alecto,predict_cov-16,MT064712,FALSE,9402,TRUE,Pteropus alecto,Pteropus,Pteropodidae,Chiroptera,Mammalia,NA,FALSE,predict_cov-16,NA,coronaviridae,nidovirales,NA,2017,7,30
pteropus alecto,predict_cov-16,MT064711,FALSE,9402,TRUE,Pteropus alecto,Pteropus,Pteropodidae,Chiroptera,Mammalia,NA,FALSE,predict_cov-16,NA,coronaviridae,nidovirales,NA,2017,7,30
pteropus alecto,predict_cov-16,MT064710,FALSE,9402,TRUE,Pteropus alecto,Pteropus,Pteropodidae,Chiroptera,Mammalia,NA,FALSE,predict_cov-16,NA,coronaviridae,nidovirales,NA,2017,7,31
pteropus alecto,predict_pmv-124,MT063406,FALSE,9402,TRUE,Pteropus alecto,Pteropus,Pteropodidae,Chiroptera,Mammalia,NA,FALSE,predict_pmv-124,NA,paramyxoviridae,mononegavirales,NA,2017,7,31
pteropus alecto,predict_pmv-124,MT063405,FALSE,9402,TRUE,Pteropus alecto,Pteropus,Pteropodidae,Chiroptera,Mammalia,NA,FALSE,predict_pmv-124,NA,paramyxoviridae,mononegavirales,NA,2017,8,1
pteropus alecto,influenza a virus,NA,FALSE,9402,TRUE,Pteropus alecto,Pteropus,Pteropodidae,Chiroptera,Mammalia,11320,TRUE,Influenza A virus,Alphainfluenzavirus,Orthomyxoviridae,Articulavirales,Insthoviricetes,2017,8,20
thoopterus nigrescens,predict_pmv-122,MT063382,FALSE,58087,TRUE,Thoopterus nigrescens,Thoopterus,Pteropodidae,Chiroptera,Mammalia,NA,FALSE,predict_pmv-122,NA,paramyxoviridae,mononegavirales,NA,2017,8,28
acerodon celebensis,predict_cov-73,MT083191,FALSE,58057,TRUE,Acerodon celebensis,Acerodon,Pteropodidae,Chiroptera,Mammalia,NA,FALSE,predict_cov-73,NA,coronaviridae,nidovirales,NA,2017,11,15
acerodon celebensis,predict_cov-73,MT083192,FALSE,58057,TRUE,Acerodon celebensis,Acerodon,Pteropodidae,Chiroptera,Mammalia,NA,FALSE,predict_cov-73,NA,coronaviridae,nidovirales,NA,2017,11,15
pteropus alecto,predict_cov-16,MT064737,FALSE,9402,TRUE,Pteropus alecto,Pteropus,Pteropodidae,Chiroptera,Mammalia,NA,FALSE,predict_cov-16,NA,coronaviridae,nidovirales,NA,2018,1,16
pteropus conspicillatus,predict_cov-67,MT083195,FALSE,328804,TRUE,Pteropus conspicillatus,Pteropus,Pteropodidae,Chiroptera,Mammalia,NA,FALSE,predict_cov-67,NA,coronaviridae,nidovirales,NA,2018,1,17
pteropus conspicillatus,predict_cov-67,MT083193,FALSE,328804,TRUE,Pteropus conspicillatus,Pteropus,Pteropodidae,Chiroptera,Mammalia,NA,FALSE,predict_cov-67,NA,coronaviridae,nidovirales,NA,2018,1,17
pteropus conspicillatus,predict_cov-67,MT083196,FALSE,328804,TRUE,Pteropus conspicillatus,Pteropus,Pteropodidae,Chiroptera,Mammalia,NA,FALSE,predict_cov-67,NA,coronaviridae,nidovirales,NA,2018,1,17
acerodon celebensis,bat coronavirus hku9,MT064734,FALSE,58057,TRUE,Acerodon celebensis,Acerodon,Pteropodidae,Chiroptera,Mammalia,694006,TRUE,Rousettus bat coronavirus HKU9,Betacoronavirus,Coronaviridae,Nidovirales,Pisoniviricetes,2018,1,19
acerodon celebensis,predict_cov-73,MT083185,FALSE,58057,TRUE,Acerodon celebensis,Acerodon,Pteropodidae,Chiroptera,Mammalia,NA,FALSE,predict_cov-73,NA,coronaviridae,nidovirales,NA,2018,4,13
cynopterus sp.,philippines/diliman1525g2/2008,MT064820,FALSE,9399,TRUE,NA,Cynopterus,Pteropodidae,Chiroptera,Mammalia,NA,FALSE,philippines/diliman1525g2/2008,betacoronavirus,coronaviridae,nidovirales,NA,2018,4,13
cynopterus sp.,philippines/diliman1525g2/2008,MT083061,FALSE,9399,TRUE,NA,Cynopterus,Pteropodidae,Chiroptera,Mammalia,NA,FALSE,philippines/diliman1525g2/2008,betacoronavirus,coronaviridae,nidovirales,NA,2018,4,13
acerodon celebensis,predict_cov-73,MT083184,FALSE,58057,TRUE,Acerodon celebensis,Acerodon,Pteropodidae,Chiroptera,Mammalia,NA,FALSE,predict_cov-73,NA,coronaviridae,nidovirales,NA,2018,4,14
acerodon celebensis,predict_cov-73,MT083183,FALSE,58057,TRUE,Acerodon celebensis,Acerodon,Pteropodidae,Chiroptera,Mammalia,NA,FALSE,predict_cov-73,NA,coronaviridae,nidovirales,NA,2018,4,14
acerodon celebensis,predict_cov-73,MT083182,FALSE,58057,TRUE,Acerodon celebensis,Acerodon,Pteropodidae,Chiroptera,Mammalia,NA,FALSE,predict_cov-73,NA,coronaviridae,nidovirales,NA,2018,4,14
pteropus conspicillatus,predict_cov-67,MT083187,FALSE,328804,TRUE,Pteropus conspicillatus,Pteropus,Pteropodidae,Chiroptera,Mammalia,NA,FALSE,predict_cov-67,NA,coronaviridae,nidovirales,NA,2018,7,6
pteropus alecto,predict_cov-16,MT064738,FALSE,9402,TRUE,Pteropus alecto,Pteropus,Pteropodidae,Chiroptera,Mammalia,NA,FALSE,predict_cov-16,NA,coronaviridae,nidovirales,NA,2018,7,14
rattus sp.,predict_pmv-96,MT083775,FALSE,10114,TRUE,NA,Rattus,Muridae,Rodentia,Mammalia,NA,FALSE,predict_pmv-96,NA,paramyxoviridae,mononegavirales,NA,2016,3,4
rattus marmosurus,influenza a virus,NA,FALSE,NA,FALSE,rattus marmosurus,NA,NA,NA,NA,11320,TRUE,Influenza A virus,Alphainfluenzavirus,Orthomyxoviridae,Articulavirales,Insthoviricetes,2017,2,23
rattus marmosurus,influenza a virus,NA,FALSE,NA,FALSE,rattus marmosurus,NA,NA,NA,NA,11320,TRUE,Influenza A virus,Alphainfluenzavirus,Orthomyxoviridae,Articulavirales,Insthoviricetes,2017,2,27
rattus marmosurus,murine coronavirus,MT083163,FALSE,NA,FALSE,rattus marmosurus,NA,NA,NA,NA,694005,TRUE,Murine coronavirus,Betacoronavirus,Coronaviridae,Nidovirales,Pisoniviricetes,2017,3,1
rattus marmosurus,murine coronavirus,MT083179,FALSE,NA,FALSE,rattus marmosurus,NA,NA,NA,NA,694005,TRUE,Murine coronavirus,Betacoronavirus,Coronaviridae,Nidovirales,Pisoniviricetes,2017,8,24
rattus marmosurus,murine coronavirus,MT064722,FALSE,NA,FALSE,rattus marmosurus,NA,NA,NA,NA,694005,TRUE,Murine coronavirus,Betacoronavirus,Coronaviridae,Nidovirales,Pisoniviricetes,2017,8,24
rattus marmosurus,murine coronavirus,MT083166,FALSE,NA,FALSE,rattus marmosurus,NA,NA,NA,NA,694005,TRUE,Murine coronavirus,Betacoronavirus,Coronaviridae,Nidovirales,Pisoniviricetes,2017,8,24
paruromys dominator,murine coronavirus,MT064763,FALSE,472713,TRUE,Paruromys dominator,Paruromys,Muridae,Rodentia,Mammalia,694005,TRUE,Murine coronavirus,Betacoronavirus,Coronaviridae,Nidovirales,Pisoniviricetes,2018,1,21
paruromys dominator,murine coronavirus,MT083205,FALSE,472713,TRUE,Paruromys dominator,Paruromys,Muridae,Rodentia,Mammalia,694005,TRUE,Murine coronavirus,Betacoronavirus,Coronaviridae,Nidovirales,Pisoniviricetes,2018,1,21
rattus hoffmanni,murine coronavirus,MT083206,FALSE,435406,TRUE,Rattus hoffmanni,Rattus,Muridae,Rodentia,Mammalia,694005,TRUE,Murine coronavirus,Betacoronavirus,Coronaviridae,Nidovirales,Pisoniviricetes,2018,1,26
rattus hoffmanni,murine coronavirus,MT064764,FALSE,435406,TRUE,Rattus hoffmanni,Rattus,Muridae,Rodentia,Mammalia,694005,TRUE,Murine coronavirus,Betacoronavirus,Coronaviridae,Nidovirales,Pisoniviricetes,2018,1,26
rattus hoffmanni,murine coronavirus,MT083207,FALSE,435406,TRUE,Rattus hoffmanni,Rattus,Muridae,Rodentia,Mammalia,694005,TRUE,Murine coronavirus,Betacoronavirus,Coronaviridae,Nidovirales,Pisoniviricetes,2018,1,26
rattus xanthurus,murine coronavirus,MT064765,FALSE,2683850,TRUE,Rattus xanthurus,Rattus,Muridae,Rodentia,Mammalia,694005,TRUE,Murine coronavirus,Betacoronavirus,Coronaviridae,Nidovirales,Pisoniviricetes,2018,1,26
bunomys penitus,murine coronavirus,MT064766,FALSE,1330375,TRUE,Bunomys penitus,Bunomys,Muridae,Rodentia,Mammalia,694005,TRUE,Murine coronavirus,Betacoronavirus,Coronaviridae,Nidovirales,Pisoniviricetes,2018,1,27
rattus marmosurus,murine coronavirus,MT083198,FALSE,NA,FALSE,rattus marmosurus,NA,NA,NA,NA,694005,TRUE,Murine coronavirus,Betacoronavirus,Coronaviridae,Nidovirales,Pisoniviricetes,2018,1,27
rattus hoffmanni,murine coronavirus,MT064767,FALSE,435406,TRUE,Rattus hoffmanni,Rattus,Muridae,Rodentia,Mammalia,694005,TRUE,Murine coronavirus,Betacoronavirus,Coronaviridae,Nidovirales,Pisoniviricetes,2018,4,18
rattus hoffmanni,murine coronavirus,MT083208,FALSE,435406,TRUE,Rattus hoffmanni,Rattus,Muridae,Rodentia,Mammalia,694005,TRUE,Murine coronavirus,Betacoronavirus,Coronaviridae,Nidovirales,Pisoniviricetes,2018,4,18
rattus xanthurus,murine coronavirus,MT064768,FALSE,2683850,TRUE,Rattus xanthurus,Rattus,Muridae,Rodentia,Mammalia,694005,TRUE,Murine coronavirus,Betacoronavirus,Coronaviridae,Nidovirales,Pisoniviricetes,2018,4,19
rattus xanthurus,murine coronavirus,MT083209,FALSE,2683850,TRUE,Rattus xanthurus,Rattus,Muridae,Rodentia,Mammalia,694005,TRUE,Murine coronavirus,Betacoronavirus,Coronaviridae,Nidovirales,Pisoniviricetes,2018,4,19
rattus hoffmanni,murine coronavirus,MT064770,FALSE,435406,TRUE,Rattus hoffmanni,Rattus,Muridae,Rodentia,Mammalia,694005,TRUE,Murine coronavirus,Betacoronavirus,Coronaviridae,Nidovirales,Pisoniviricetes,2018,4,19
rattus hoffmanni,murine coronavirus,MT064758,FALSE,435406,TRUE,Rattus hoffmanni,Rattus,Muridae,Rodentia,Mammalia,694005,TRUE,Murine coronavirus,Betacoronavirus,Coronaviridae,Nidovirales,Pisoniviricetes,2018,4,19
rattus hoffmanni,murine coronavirus,MT083199,FALSE,435406,TRUE,Rattus hoffmanni,Rattus,Muridae,Rodentia,Mammalia,694005,TRUE,Murine coronavirus,Betacoronavirus,Coronaviridae,Nidovirales,Pisoniviricetes,2018,4,19
rattus hoffmanni,predict_pmv-154,MT083779,FALSE,435406,TRUE,Rattus hoffmanni,Rattus,Muridae,Rodentia,Mammalia,NA,FALSE,predict_pmv-154,NA,paramyxoviridae,mononegavirales,NA,2018,4,20
rattus hoffmanni,murine coronavirus,MT064771,FALSE,435406,TRUE,Rattus hoffmanni,Rattus,Muridae,Rodentia,Mammalia,694005,TRUE,Murine coronavirus,Betacoronavirus,Coronaviridae,Nidovirales,Pisoniviricetes,2018,4,20
rattus hoffmanni,murine coronavirus,MT064772,FALSE,435406,TRUE,Rattus hoffmanni,Rattus,Muridae,Rodentia,Mammalia,694005,TRUE,Murine coronavirus,Betacoronavirus,Coronaviridae,Nidovirales,Pisoniviricetes,2018,4,20
rattus hoffmanni,murine coronavirus,MT083211,FALSE,435406,TRUE,Rattus hoffmanni,Rattus,Muridae,Rodentia,Mammalia,694005,TRUE,Murine coronavirus,Betacoronavirus,Coronaviridae,Nidovirales,Pisoniviricetes,2018,4,20
rattus hoffmanni,murine coronavirus,MT064759,FALSE,435406,TRUE,Rattus hoffmanni,Rattus,Muridae,Rodentia,Mammalia,694005,TRUE,Murine coronavirus,Betacoronavirus,Coronaviridae,Nidovirales,Pisoniviricetes,2018,4,20
rattus hoffmanni,predict_pmv-154,MT083780,FALSE,435406,TRUE,Rattus hoffmanni,Rattus,Muridae,Rodentia,Mammalia,NA,FALSE,predict_pmv-154,NA,paramyxoviridae,mononegavirales,NA,2018,4,20
anas sp.,influenza a virus,NA,FALSE,8835,TRUE,NA,Anas,Anatidae,Anseriformes,Aves,11320,TRUE,Influenza A virus,Alphainfluenzavirus,Orthomyxoviridae,Articulavirales,Insthoviricetes,2016,5,26
anas sp.,influenza a virus,NA,FALSE,8835,TRUE,NA,Anas,Anatidae,Anseriformes,Aves,11320,TRUE,Influenza A virus,Alphainfluenzavirus,Orthomyxoviridae,Articulavirales,Insthoviricetes,2016,5,26
anas sp.,influenza a virus,NA,FALSE,8835,TRUE,NA,Anas,Anatidae,Anseriformes,Aves,11320,TRUE,Influenza A virus,Alphainfluenzavirus,Orthomyxoviridae,Articulavirales,Insthoviricetes,2016,5,26
anas sp.,influenza a virus,NA,FALSE,8835,TRUE,NA,Anas,Anatidae,Anseriformes,Aves,11320,TRUE,Influenza A virus,Alphainfluenzavirus,Orthomyxoviridae,Articulavirales,Insthoviricetes,2016,5,26
anas sp.,influenza a virus,NA,FALSE,8835,TRUE,NA,Anas,Anatidae,Anseriformes,Aves,11320,TRUE,Influenza A virus,Alphainfluenzavirus,Orthomyxoviridae,Articulavirales,Insthoviricetes,2016,5,26
anas sp.,influenza a virus,NA,FALSE,8835,TRUE,NA,Anas,Anatidae,Anseriformes,Aves,11320,TRUE,Influenza A virus,Alphainfluenzavirus,Orthomyxoviridae,Articulavirales,Insthoviricetes,2016,5,26
cygnus cygnus,influenza a virus,NA,FALSE,219595,TRUE,Cygnus cygnus,Cygnus,Anatidae,Anseriformes,Aves,11320,TRUE,Influenza A virus,Alphainfluenzavirus,Orthomyxoviridae,Articulavirales,Insthoviricetes,2016,5,26
cygnus cygnus,influenza a virus,NA,FALSE,219595,TRUE,Cygnus cygnus,Cygnus,Anatidae,Anseriformes,Aves,11320,TRUE,Influenza A virus,Alphainfluenzavirus,Orthomyxoviridae,Articulavirales,Insthoviricetes,2016,5,26
cygnus cygnus,influenza a virus,NA,FALSE,219595,TRUE,Cygnus cygnus,Cygnus,Anatidae,Anseriformes,Aves,11320,TRUE,Influenza A virus,Alphainfluenzavirus,Orthomyxoviridae,Articulavirales,Insthoviricetes,2016,5,26
cygnus cygnus,influenza a virus,NA,FALSE,219595,TRUE,Cygnus cygnus,Cygnus,Anatidae,Anseriformes,Aves,11320,TRUE,Influenza A virus,Alphainfluenzavirus,Orthomyxoviridae,Articulavirales,Insthoviricetes,2016,5,26
cygnus cygnus,influenza a virus,NA,FALSE,219595,TRUE,Cygnus cygnus,Cygnus,Anatidae,Anseriformes,Aves,11320,TRUE,Influenza A virus,Alphainfluenzavirus,Orthomyxoviridae,Articulavirales,Insthoviricetes,2016,5,26
cygnus cygnus,influenza a virus,NA,FALSE,219595,TRUE,Cygnus cygnus,Cygnus,Anatidae,Anseriformes,Aves,11320,TRUE,Influenza A virus,Alphainfluenzavirus,Orthomyxoviridae,Articulavirales,Insthoviricetes,2016,5,26
anser sp.,influenza a virus,NA,FALSE,8842,TRUE,NA,Anser,Anatidae,Anseriformes,Aves,11320,TRUE,Influenza A virus,Alphainfluenzavirus,Orthomyxoviridae,Articulavirales,Insthoviricetes,2016,5,31
anser sp.,influenza a virus,NA,FALSE,8842,TRUE,NA,Anser,Anatidae,Anseriformes,Aves,11320,TRUE,Influenza A virus,Alphainfluenzavirus,Orthomyxoviridae,Articulavirales,Insthoviricetes,2016,5,31
anser sp.,influenza a virus,NA,FALSE,8842,TRUE,NA,Anser,Anatidae,Anseriformes,Aves,11320,TRUE,Influenza A virus,Alphainfluenzavirus,Orthomyxoviridae,Articulavirales,Insthoviricetes,2016,5,31
tadorna ferruginea,influenza a virus,NA,FALSE,45639,TRUE,Tadorna ferruginea,Tadorna,Anatidae,Anseriformes,Aves,11320,TRUE,Influenza A virus,Alphainfluenzavirus,Orthomyxoviridae,Articulavirales,Insthoviricetes,2016,9,8
tadorna ferruginea,influenza a virus,NA,FALSE,45639,TRUE,Tadorna ferruginea,Tadorna,Anatidae,Anseriformes,Aves,11320,TRUE,Influenza A virus,Alphainfluenzavirus,Orthomyxoviridae,Articulavirales,Insthoviricetes,2016,9,8
tadorna ferruginea,influenza a virus,NA,FALSE,45639,TRUE,Tadorna ferruginea,Tadorna,Anatidae,Anseriformes,Aves,11320,TRUE,Influenza A virus,Alphainfluenzavirus,Orthomyxoviridae,Articulavirales,Insthoviricetes,2016,9,8
anas sp.,influenza a virus,NA,FALSE,8835,TRUE,NA,Anas,Anatidae,Anseriformes,Aves,11320,TRUE,Influenza A virus,Alphainfluenzavirus,Orthomyxoviridae,Articulavirales,Insthoviricetes,2016,9,10
tadorna ferruginea,influenza a virus,NA,FALSE,45639,TRUE,Tadorna ferruginea,Tadorna,Anatidae,Anseriformes,Aves,11320,TRUE,Influenza A virus,Alphainfluenzavirus,Orthomyxoviridae,Articulavirales,Insthoviricetes,2016,9,12
tadorna ferruginea,influenza a virus,NA,FALSE,45639,TRUE,Tadorna ferruginea,Tadorna,Anatidae,Anseriformes,Aves,11320,TRUE,Influenza A virus,Alphainfluenzavirus,Orthomyxoviridae,Articulavirales,Insthoviricetes,2016,9,12
tadorna ferruginea,influenza a virus,NA,FALSE,45639,TRUE,Tadorna ferruginea,Tadorna,Anatidae,Anseriformes,Aves,11320,TRUE,Influenza A virus,Alphainfluenzavirus,Orthomyxoviridae,Articulavirales,Insthoviricetes,2016,9,12
tadorna ferruginea,influenza a virus,NA,FALSE,45639,TRUE,Tadorna ferruginea,Tadorna,Anatidae,Anseriformes,Aves,11320,TRUE,Influenza A virus,Alphainfluenzavirus,Orthomyxoviridae,Articulavirales,Insthoviricetes,2016,9,12
tadorna ferruginea,influenza a virus,NA,FALSE,45639,TRUE,Tadorna ferruginea,Tadorna,Anatidae,Anseriformes,Aves,11320,TRUE,Influenza A virus,Alphainfluenzavirus,Orthomyxoviridae,Articulavirales,Insthoviricetes,2016,9,12
tadorna ferruginea,influenza a virus,NA,FALSE,45639,TRUE,Tadorna ferruginea,Tadorna,Anatidae,Anseriformes,Aves,11320,TRUE,Influenza A virus,Alphainfluenzavirus,Orthomyxoviridae,Articulavirales,Insthoviricetes,2016,9,12
tadorna ferruginea,influenza a virus,NA,FALSE,45639,TRUE,Tadorna ferruginea,Tadorna,Anatidae,Anseriformes,Aves,11320,TRUE,Influenza A virus,Alphainfluenzavirus,Orthomyxoviridae,Articulavirales,Insthoviricetes,2016,9,12
tadorna ferruginea,influenza a virus,NA,FALSE,45639,TRUE,Tadorna ferruginea,Tadorna,Anatidae,Anseriformes,Aves,11320,TRUE,Influenza A virus,Alphainfluenzavirus,Orthomyxoviridae,Articulavirales,Insthoviricetes,2016,9,20
tadorna ferruginea,influenza a virus,NA,FALSE,45639,TRUE,Tadorna ferruginea,Tadorna,Anatidae,Anseriformes,Aves,11320,TRUE,Influenza A virus,Alphainfluenzavirus,Orthomyxoviridae,Articulavirales,Insthoviricetes,2016,9,20
tadorna ferruginea,influenza a virus,NA,FALSE,45639,TRUE,Tadorna ferruginea,Tadorna,Anatidae,Anseriformes,Aves,11320,TRUE,Influenza A virus,Alphainfluenzavirus,Orthomyxoviridae,Articulavirales,Insthoviricetes,2016,9,23
tadorna ferruginea,influenza a virus,NA,FALSE,45639,TRUE,Tadorna ferruginea,Tadorna,Anatidae,Anseriformes,Aves,11320,TRUE,Influenza A virus,Alphainfluenzavirus,Orthomyxoviridae,Articulavirales,Insthoviricetes,2016,9,23
tadorna ferruginea,influenza a virus,NA,FALSE,45639,TRUE,Tadorna ferruginea,Tadorna,Anatidae,Anseriformes,Aves,11320,TRUE,Influenza A virus,Alphainfluenzavirus,Orthomyxoviridae,Articulavirales,Insthoviricetes,2016,9,23
tadorna ferruginea,influenza a virus,NA,FALSE,45639,TRUE,Tadorna ferruginea,Tadorna,Anatidae,Anseriformes,Aves,11320,TRUE,Influenza A virus,Alphainfluenzavirus,Orthomyxoviridae,Articulavirales,Insthoviricetes,2016,9,23
tadorna ferruginea,influenza a virus,NA,FALSE,45639,TRUE,Tadorna ferruginea,Tadorna,Anatidae,Anseriformes,Aves,11320,TRUE,Influenza A virus,Alphainfluenzavirus,Orthomyxoviridae,Articulavirales,Insthoviricetes,2016,9,23
tadorna ferruginea,influenza a virus,NA,FALSE,45639,TRUE,Tadorna ferruginea,Tadorna,Anatidae,Anseriformes,Aves,11320,TRUE,Influenza A virus,Alphainfluenzavirus,Orthomyxoviridae,Articulavirales,Insthoviricetes,2016,9,23
tadorna ferruginea,influenza a virus,NA,FALSE,45639,TRUE,Tadorna ferruginea,Tadorna,Anatidae,Anseriformes,Aves,11320,TRUE,Influenza A virus,Alphainfluenzavirus,Orthomyxoviridae,Articulavirales,Insthoviricetes,2016,9,23
tadorna ferruginea,influenza a virus,NA,FALSE,45639,TRUE,Tadorna ferruginea,Tadorna,Anatidae,Anseriformes,Aves,11320,TRUE,Influenza A virus,Alphainfluenzavirus,Orthomyxoviridae,Articulavirales,Insthoviricetes,2016,9,23
tadorna ferruginea,influenza a virus,NA,FALSE,45639,TRUE,Tadorna ferruginea,Tadorna,Anatidae,Anseriformes,Aves,11320,TRUE,Influenza A virus,Alphainfluenzavirus,Orthomyxoviridae,Articulavirales,Insthoviricetes,2016,9,24
tadorna ferruginea,influenza a virus,NA,FALSE,45639,TRUE,Tadorna ferruginea,Tadorna,Anatidae,Anseriformes,Aves,11320,TRUE,Influenza A virus,Alphainfluenzavirus,Orthomyxoviridae,Articulavirales,Insthoviricetes,2016,9,24
tadorna ferruginea,influenza a virus,NA,FALSE,45639,TRUE,Tadorna ferruginea,Tadorna,Anatidae,Anseriformes,Aves,11320,TRUE,Influenza A virus,Alphainfluenzavirus,Orthomyxoviridae,Articulavirales,Insthoviricetes,2016,9,24
anas sp.,influenza a virus,NA,FALSE,8835,TRUE,NA,Anas,Anatidae,Anseriformes,Aves,11320,TRUE,Influenza A virus,Alphainfluenzavirus,Orthomyxoviridae,Articulavirales,Insthoviricetes,2016,9,25
anas sp.,influenza a virus,NA,FALSE,8835,TRUE,NA,Anas,Anatidae,Anseriformes,Aves,11320,TRUE,Influenza A virus,Alphainfluenzavirus,Orthomyxoviridae,Articulavirales,Insthoviricetes,2016,9,25
anas sp.,influenza a virus,NA,FALSE,8835,TRUE,NA,Anas,Anatidae,Anseriformes,Aves,11320,TRUE,Influenza A virus,Alphainfluenzavirus,Orthomyxoviridae,Articulavirales,Insthoviricetes,2016,9,25
anas sp.,influenza a virus,NA,FALSE,8835,TRUE,NA,Anas,Anatidae,Anseriformes,Aves,11320,TRUE,Influenza A virus,Alphainfluenzavirus,Orthomyxoviridae,Articulavirales,Insthoviricetes,2016,9,25
anas sp.,influenza a virus,NA,FALSE,8835,TRUE,NA,Anas,Anatidae,Anseriformes,Aves,11320,TRUE,Influenza A virus,Alphainfluenzavirus,Orthomyxoviridae,Articulavirales,Insthoviricetes,2016,9,25
anas sp.,influenza a virus,NA,FALSE,8835,TRUE,NA,Anas,Anatidae,Anseriformes,Aves,11320,TRUE,Influenza A virus,Alphainfluenzavirus,Orthomyxoviridae,Articulavirales,Insthoviricetes,2016,9,25
anas sp.,influenza a virus,NA,FALSE,8835,TRUE,NA,Anas,Anatidae,Anseriformes,Aves,11320,TRUE,Influenza A virus,Alphainfluenzavirus,Orthomyxoviridae,Articulavirales,Insthoviricetes,2016,9,25
tadorna ferruginea,influenza a virus,NA,FALSE,45639,TRUE,Tadorna ferruginea,Tadorna,Anatidae,Anseriformes,Aves,11320,TRUE,Influenza A virus,Alphainfluenzavirus,Orthomyxoviridae,Articulavirales,Insthoviricetes,2017,5,1
larus sp.,influenza a virus,NA,FALSE,8911,TRUE,NA,Larus,Laridae,Charadriiformes,Aves,11320,TRUE,Influenza A virus,Alphainfluenzavirus,Orthomyxoviridae,Articulavirales,Insthoviricetes,2017,6,11
anas sp.,influenza a virus,NA,FALSE,8835,TRUE,NA,Anas,Anatidae,Anseriformes,Aves,11320,TRUE,Influenza A virus,Alphainfluenzavirus,Orthomyxoviridae,Articulavirales,Insthoviricetes,2017,8,30
anas sp.,influenza a virus,NA,FALSE,8835,TRUE,NA,Anas,Anatidae,Anseriformes,Aves,11320,TRUE,Influenza A virus,Alphainfluenzavirus,Orthomyxoviridae,Articulavirales,Insthoviricetes,2017,8,30
anas sp.,influenza a virus,NA,FALSE,8835,TRUE,NA,Anas,Anatidae,Anseriformes,Aves,11320,TRUE,Influenza A virus,Alphainfluenzavirus,Orthomyxoviridae,Articulavirales,Insthoviricetes,2017,8,30
anas sp.,influenza a virus,NA,FALSE,8835,TRUE,NA,Anas,Anatidae,Anseriformes,Aves,11320,TRUE,Influenza A virus,Alphainfluenzavirus,Orthomyxoviridae,Articulavirales,Insthoviricetes,2017,8,30
anas sp.,influenza a virus,NA,FALSE,8835,TRUE,NA,Anas,Anatidae,Anseriformes,Aves,11320,TRUE,Influenza A virus,Alphainfluenzavirus,Orthomyxoviridae,Articulavirales,Insthoviricetes,2018,6,10
anas sp.,influenza a virus,NA,FALSE,8835,TRUE,NA,Anas,Anatidae,Anseriformes,Aves,11320,TRUE,Influenza A virus,Alphainfluenzavirus,Orthomyxoviridae,Articulavirales,Insthoviricetes,2018,8,22
anas sp.,influenza a virus,NA,FALSE,8835,TRUE,NA,Anas,Anatidae,Anseriformes,Aves,11320,TRUE,Influenza A virus,Alphainfluenzavirus,Orthomyxoviridae,Articulavirales,Insthoviricetes,2018,8,22
anas sp.,influenza a virus,NA,FALSE,8835,TRUE,NA,Anas,Anatidae,Anseriformes,Aves,11320,TRUE,Influenza A virus,Alphainfluenzavirus,Orthomyxoviridae,Articulavirales,Insthoviricetes,2018,8,22
anas sp.,influenza a virus,NA,FALSE,8835,TRUE,NA,Anas,Anatidae,Anseriformes,Aves,11320,TRUE,Influenza A virus,Alphainfluenzavirus,Orthomyxoviridae,Articulavirales,Insthoviricetes,2018,8,22
homo sapiens,coronavirus nl63,MT083297,FALSE,9606,TRUE,Homo sapiens,Homo,Hominidae,Primates,Mammalia,277944,TRUE,Human coronavirus NL63,Alphacoronavirus,Coronaviridae,Nidovirales,Pisoniviricetes,NA,NA,NA
homo sapiens,coronavirus nl63,MT064699,FALSE,9606,TRUE,Homo sapiens,Homo,Hominidae,Primates,Mammalia,277944,TRUE,Human coronavirus NL63,Alphacoronavirus,Coronaviridae,Nidovirales,Pisoniviricetes,NA,NA,NA
homo sapiens,coronavirus nl63,MT832127,FALSE,9606,TRUE,Homo sapiens,Homo,Hominidae,Primates,Mammalia,277944,TRUE,Human coronavirus NL63,Alphacoronavirus,Coronaviridae,Nidovirales,Pisoniviricetes,NA,NA,NA
homo sapiens,coronavirus nl63,MT832128,FALSE,9606,TRUE,Homo sapiens,Homo,Hominidae,Primates,Mammalia,277944,TRUE,Human coronavirus NL63,Alphacoronavirus,Coronaviridae,Nidovirales,Pisoniviricetes,NA,NA,NA
myotis welwitschii,kenya bat coronavirus/btky66/65/63/60,MT125373,FALSE,160974,TRUE,Myotis welwitschii,Myotis,Vespertilionidae,Chiroptera,Mammalia,NA,FALSE,kenya bat coronavirus/btky66/65/63/60,alphacoronavirus,coronaviridae,nidovirales,NA,2017,7,24
myotis sp.,bat coronavirus 512/2005,MT065041,FALSE,9434,TRUE,NA,Myotis,Vespertilionidae,Chiroptera,Mammalia,693999,TRUE,Scotophilus bat coronavirus 512,Alphacoronavirus,Coronaviridae,Nidovirales,Pisoniviricetes,2017,7,25
myotis sp.,bat coronavirus 512/2005,MT065042,FALSE,9434,TRUE,NA,Myotis,Vespertilionidae,Chiroptera,Mammalia,693999,TRUE,Scotophilus bat coronavirus 512,Alphacoronavirus,Coronaviridae,Nidovirales,Pisoniviricetes,2017,7,25
myotis sp.,bat coronavirus 512/2005,MT065043,FALSE,9434,TRUE,NA,Myotis,Vespertilionidae,Chiroptera,Mammalia,693999,TRUE,Scotophilus bat coronavirus 512,Alphacoronavirus,Coronaviridae,Nidovirales,Pisoniviricetes,2017,7,25
myotis sp.,bat coronavirus 512/2005,MT065044,FALSE,9434,TRUE,NA,Myotis,Vespertilionidae,Chiroptera,Mammalia,693999,TRUE,Scotophilus bat coronavirus 512,Alphacoronavirus,Coronaviridae,Nidovirales,Pisoniviricetes,2017,7,25
myotis sp.,bat coronavirus 512/2005,MT083450,FALSE,9434,TRUE,NA,Myotis,Vespertilionidae,Chiroptera,Mammalia,693999,TRUE,Scotophilus bat coronavirus 512,Alphacoronavirus,Coronaviridae,Nidovirales,Pisoniviricetes,2017,7,25
myotis sp.,bat coronavirus 512/2005,MT065045,FALSE,9434,TRUE,NA,Myotis,Vespertilionidae,Chiroptera,Mammalia,693999,TRUE,Scotophilus bat coronavirus 512,Alphacoronavirus,Coronaviridae,Nidovirales,Pisoniviricetes,2017,7,25
myotis sp.,bat coronavirus 512/2005,MT065046,FALSE,9434,TRUE,NA,Myotis,Vespertilionidae,Chiroptera,Mammalia,693999,TRUE,Scotophilus bat coronavirus 512,Alphacoronavirus,Coronaviridae,Nidovirales,Pisoniviricetes,2017,7,25
myotis sp.,bat coronavirus 512/2005,MT083451,FALSE,9434,TRUE,NA,Myotis,Vespertilionidae,Chiroptera,Mammalia,693999,TRUE,Scotophilus bat coronavirus 512,Alphacoronavirus,Coronaviridae,Nidovirales,Pisoniviricetes,2017,7,25
myotis sp.,bat coronavirus 512/2005,MT065047,FALSE,9434,TRUE,NA,Myotis,Vespertilionidae,Chiroptera,Mammalia,693999,TRUE,Scotophilus bat coronavirus 512,Alphacoronavirus,Coronaviridae,Nidovirales,Pisoniviricetes,2017,7,25
myotis sp.,bat coronavirus 512/2005,MT065048,FALSE,9434,TRUE,NA,Myotis,Vespertilionidae,Chiroptera,Mammalia,693999,TRUE,Scotophilus bat coronavirus 512,Alphacoronavirus,Coronaviridae,Nidovirales,Pisoniviricetes,2017,7,25
myotis sp.,bat coronavirus 512/2005,MT083452,FALSE,9434,TRUE,NA,Myotis,Vespertilionidae,Chiroptera,Mammalia,693999,TRUE,Scotophilus bat coronavirus 512,Alphacoronavirus,Coronaviridae,Nidovirales,Pisoniviricetes,2017,7,25
myotis sp.,bat coronavirus 512/2005,MT065052,FALSE,9434,TRUE,NA,Myotis,Vespertilionidae,Chiroptera,Mammalia,693999,TRUE,Scotophilus bat coronavirus 512,Alphacoronavirus,Coronaviridae,Nidovirales,Pisoniviricetes,2017,7,25
myotis sp.,bat coronavirus 512/2005,MT065053,FALSE,9434,TRUE,NA,Myotis,Vespertilionidae,Chiroptera,Mammalia,693999,TRUE,Scotophilus bat coronavirus 512,Alphacoronavirus,Coronaviridae,Nidovirales,Pisoniviricetes,2017,7,25
myotis sp.,bat coronavirus 512/2005,MT065054,FALSE,9434,TRUE,NA,Myotis,Vespertilionidae,Chiroptera,Mammalia,693999,TRUE,Scotophilus bat coronavirus 512,Alphacoronavirus,Coronaviridae,Nidovirales,Pisoniviricetes,2017,7,25
myotis sp.,bat coronavirus 512/2005,MT065055,FALSE,9434,TRUE,NA,Myotis,Vespertilionidae,Chiroptera,Mammalia,693999,TRUE,Scotophilus bat coronavirus 512,Alphacoronavirus,Coronaviridae,Nidovirales,Pisoniviricetes,2017,7,25
myotis sp.,bat coronavirus 512/2005,MT083453,FALSE,9434,TRUE,NA,Myotis,Vespertilionidae,Chiroptera,Mammalia,693999,TRUE,Scotophilus bat coronavirus 512,Alphacoronavirus,Coronaviridae,Nidovirales,Pisoniviricetes,2017,7,25
myotis sp.,bat coronavirus 512/2005,MT065056,FALSE,9434,TRUE,NA,Myotis,Vespertilionidae,Chiroptera,Mammalia,693999,TRUE,Scotophilus bat coronavirus 512,Alphacoronavirus,Coronaviridae,Nidovirales,Pisoniviricetes,2017,7,25
myotis sp.,bat coronavirus 512/2005,MT065057,FALSE,9434,TRUE,NA,Myotis,Vespertilionidae,Chiroptera,Mammalia,693999,TRUE,Scotophilus bat coronavirus 512,Alphacoronavirus,Coronaviridae,Nidovirales,Pisoniviricetes,2017,7,25
myotis sp.,bat coronavirus 512/2005,MT065058,FALSE,9434,TRUE,NA,Myotis,Vespertilionidae,Chiroptera,Mammalia,693999,TRUE,Scotophilus bat coronavirus 512,Alphacoronavirus,Coronaviridae,Nidovirales,Pisoniviricetes,2017,7,25
myotis sp.,bat coronavirus 512/2005,MT083454,FALSE,9434,TRUE,NA,Myotis,Vespertilionidae,Chiroptera,Mammalia,693999,TRUE,Scotophilus bat coronavirus 512,Alphacoronavirus,Coronaviridae,Nidovirales,Pisoniviricetes,2017,7,25
myotis sp.,bat coronavirus 512/2005,MT065059,FALSE,9434,TRUE,NA,Myotis,Vespertilionidae,Chiroptera,Mammalia,693999,TRUE,Scotophilus bat coronavirus 512,Alphacoronavirus,Coronaviridae,Nidovirales,Pisoniviricetes,2017,7,25
myotis sp.,bat coronavirus 512/2005,MT083455,FALSE,9434,TRUE,NA,Myotis,Vespertilionidae,Chiroptera,Mammalia,693999,TRUE,Scotophilus bat coronavirus 512,Alphacoronavirus,Coronaviridae,Nidovirales,Pisoniviricetes,2017,7,25
myotis sp.,bat coronavirus 512/2005,MT065060,FALSE,9434,TRUE,NA,Myotis,Vespertilionidae,Chiroptera,Mammalia,693999,TRUE,Scotophilus bat coronavirus 512,Alphacoronavirus,Coronaviridae,Nidovirales,Pisoniviricetes,2017,7,25
myotis sp.,bat coronavirus 512/2005,MT065061,FALSE,9434,TRUE,NA,Myotis,Vespertilionidae,Chiroptera,Mammalia,693999,TRUE,Scotophilus bat coronavirus 512,Alphacoronavirus,Coronaviridae,Nidovirales,Pisoniviricetes,2017,7,25
myotis sp.,bat coronavirus 512/2005,MT065039,FALSE,9434,TRUE,NA,Myotis,Vespertilionidae,Chiroptera,Mammalia,693999,TRUE,Scotophilus bat coronavirus 512,Alphacoronavirus,Coronaviridae,Nidovirales,Pisoniviricetes,2017,7,25
myotis sp.,bat coronavirus 512/2005,MT065062,FALSE,9434,TRUE,NA,Myotis,Vespertilionidae,Chiroptera,Mammalia,693999,TRUE,Scotophilus bat coronavirus 512,Alphacoronavirus,Coronaviridae,Nidovirales,Pisoniviricetes,2017,7,25
myotis sp.,bat coronavirus 512/2005,MT065063,FALSE,9434,TRUE,NA,Myotis,Vespertilionidae,Chiroptera,Mammalia,693999,TRUE,Scotophilus bat coronavirus 512,Alphacoronavirus,Coronaviridae,Nidovirales,Pisoniviricetes,2017,7,25
myotis sp.,bat coronavirus 512/2005,MT065064,FALSE,9434,TRUE,NA,Myotis,Vespertilionidae,Chiroptera,Mammalia,693999,TRUE,Scotophilus bat coronavirus 512,Alphacoronavirus,Coronaviridae,Nidovirales,Pisoniviricetes,2017,7,25
myotis sp.,bat coronavirus 512/2005,MT065065,FALSE,9434,TRUE,NA,Myotis,Vespertilionidae,Chiroptera,Mammalia,693999,TRUE,Scotophilus bat coronavirus 512,Alphacoronavirus,Coronaviridae,Nidovirales,Pisoniviricetes,2017,7,25
myotis sp.,bat coronavirus 512/2005,MT065066,FALSE,9434,TRUE,NA,Myotis,Vespertilionidae,Chiroptera,Mammalia,693999,TRUE,Scotophilus bat coronavirus 512,Alphacoronavirus,Coronaviridae,Nidovirales,Pisoniviricetes,2017,7,25
myotis sp.,bat coronavirus 512/2005,MT065067,FALSE,9434,TRUE,NA,Myotis,Vespertilionidae,Chiroptera,Mammalia,693999,TRUE,Scotophilus bat coronavirus 512,Alphacoronavirus,Coronaviridae,Nidovirales,Pisoniviricetes,2017,7,25
myotis sp.,bat coronavirus 512/2005,MT065068,FALSE,9434,TRUE,NA,Myotis,Vespertilionidae,Chiroptera,Mammalia,693999,TRUE,Scotophilus bat coronavirus 512,Alphacoronavirus,Coronaviridae,Nidovirales,Pisoniviricetes,2017,7,25
myotis sp.,bat coronavirus 512/2005,MT065069,FALSE,9434,TRUE,NA,Myotis,Vespertilionidae,Chiroptera,Mammalia,693999,TRUE,Scotophilus bat coronavirus 512,Alphacoronavirus,Coronaviridae,Nidovirales,Pisoniviricetes,2017,7,25
myotis sp.,bat coronavirus 512/2005,MT065070,FALSE,9434,TRUE,NA,Myotis,Vespertilionidae,Chiroptera,Mammalia,693999,TRUE,Scotophilus bat coronavirus 512,Alphacoronavirus,Coronaviridae,Nidovirales,Pisoniviricetes,2017,7,25
myotis sp.,bat coronavirus 512/2005,MT065072,FALSE,9434,TRUE,NA,Myotis,Vespertilionidae,Chiroptera,Mammalia,693999,TRUE,Scotophilus bat coronavirus 512,Alphacoronavirus,Coronaviridae,Nidovirales,Pisoniviricetes,2017,7,26
myotis sp.,bat coronavirus 512/2005,MT083457,FALSE,9434,TRUE,NA,Myotis,Vespertilionidae,Chiroptera,Mammalia,693999,TRUE,Scotophilus bat coronavirus 512,Alphacoronavirus,Coronaviridae,Nidovirales,Pisoniviricetes,2017,7,26
myotis sp.,bat coronavirus 512/2005,MT083458,FALSE,9434,TRUE,NA,Myotis,Vespertilionidae,Chiroptera,Mammalia,693999,TRUE,Scotophilus bat coronavirus 512,Alphacoronavirus,Coronaviridae,Nidovirales,Pisoniviricetes,2017,7,26
myotis sp.,bat coronavirus 512/2005,MT065073,FALSE,9434,TRUE,NA,Myotis,Vespertilionidae,Chiroptera,Mammalia,693999,TRUE,Scotophilus bat coronavirus 512,Alphacoronavirus,Coronaviridae,Nidovirales,Pisoniviricetes,2017,7,26
myotis sp.,bat coronavirus 512/2005,MT083459,FALSE,9434,TRUE,NA,Myotis,Vespertilionidae,Chiroptera,Mammalia,693999,TRUE,Scotophilus bat coronavirus 512,Alphacoronavirus,Coronaviridae,Nidovirales,Pisoniviricetes,2017,7,26
myotis sp.,bat coronavirus 512/2005,MT083460,FALSE,9434,TRUE,NA,Myotis,Vespertilionidae,Chiroptera,Mammalia,693999,TRUE,Scotophilus bat coronavirus 512,Alphacoronavirus,Coronaviridae,Nidovirales,Pisoniviricetes,2017,7,26
myotis sp.,bat coronavirus 512/2005,MT065040,FALSE,9434,TRUE,NA,Myotis,Vespertilionidae,Chiroptera,Mammalia,693999,TRUE,Scotophilus bat coronavirus 512,Alphacoronavirus,Coronaviridae,Nidovirales,Pisoniviricetes,2017,7,26
myotis sp.,bat coronavirus 512/2005,MT065074,FALSE,9434,TRUE,NA,Myotis,Vespertilionidae,Chiroptera,Mammalia,693999,TRUE,Scotophilus bat coronavirus 512,Alphacoronavirus,Coronaviridae,Nidovirales,Pisoniviricetes,2017,7,26
myotis sp.,bat coronavirus 512/2005,MT065076,FALSE,9434,TRUE,NA,Myotis,Vespertilionidae,Chiroptera,Mammalia,693999,TRUE,Scotophilus bat coronavirus 512,Alphacoronavirus,Coronaviridae,Nidovirales,Pisoniviricetes,2017,7,26
