Virus,VirusGenus,VirusFamily,VirusOrder
Bat adenovirus -1,NA,Adenoviridae,Rowavirales
Bat adenovirus isolate 1050597,NA,Adenoviridae,Rowavirales
Bat Coronavirus Anlong 57/43,NA,Coronaviridae,Nidovirales
Bat coronavirus Gabon/292/2009,NA,Coronaviridae,Nidovirales
Bat coronavirus Hipposideros,NA,Coronaviridae,Nidovirales
Bat coronavirus Hipposideros/KT/Thailand/2007,NA,Coronaviridae,Nidovirales
Bat Coronavirus RS3376,NA,Coronaviridae,Nidovirales
Bat Coronavirus RS4125/4259,NA,Coronaviridae,Nidovirales
Bat Coronavirus/KP817/Phy_dis/PAN/2011,NA,Coronaviridae,Nidovirales
Bat paramyxovirus isolate BtHp-ParaV/GD2012,NA,Paramyxoviridae,Mononegavirales
Bat Paramyxovirus R_aeg_UPE766/525/122,NA,Paramyxoviridae,Mononegavirales
Bat Paramyxovirus Rou_aeg/GB09164/GAB/200,NA,Paramyxoviridae,Mononegavirales
Bat Paramyxovirus/B16-40,NA,Paramyxoviridae,Mononegavirales
Chaerephon Polyomavirus 1,NA,Polyomaviridae,Sepolyvirales
China/YN06_Hantavirus,NA,Hantaviridae,Bunyavirales
Eidolon bat coronavirus,NA,Coronaviridae,Nidovirales
Eidolon helvum Paramyxovirus/TZ13,NA,Paramyxoviridae,Mononegavirales
Eidolon helvum Paramyxovirus/U6B,NA,Paramyxoviridae,Mononegavirales
Eidolon helvum Paramyxovirus/UG23/U67N,NA,Paramyxoviridae,Mononegavirales
Gorilla Polyomavirus 1,NA,Polyomaviridae,Sepolyvirales
Gorilla Polyomavirus 2,NA,Polyomaviridae,Sepolyvirales
Kenya bat coronavirus BtKY66/65/63/60,NA,Coronaviridae,Nidovirales
Kenya bat coronavirus BtKY83/59/58,NA,Coronaviridae,Nidovirales
Macacine herpesvirus 4/Africa,NA,Herpesviridae,Herpesvirales
Macacine herpesvirus 4/Asia,NA,Herpesviridae,Herpesvirales
Miniopterus schreibersii Astrovirus 12,NA,Astroviridae,Stellavirales
Miniopterus schreibersii Astrovirus 4,NA,Astroviridae,Stellavirales
Miniopterus schreibersii Astrovirus 7,NA,Astroviridae,Stellavirales
Miniopterus schreibersii Astrovirus 8,NA,Astroviridae,Stellavirales
Miniopterus schreibersii Astrovirus 9,NA,Astroviridae,Stellavirales
Morogoro mammarenavirus,NA,Arenaviridae,Bunyavirales
Paramyxovirus IFBPV25/2011,NA,Paramyxoviridae,Mononegavirales
Pigeon-Dominant Coronavirus,NA,Coronaviridae,Nidovirales
PREDICT_AdV-1,NA,Adenoviridae,Rowavirales
PREDICT_AdV-10,NA,Adenoviridae,Rowavirales
PREDICT_AdV-11,NA,Adenoviridae,Rowavirales
PREDICT_AdV-12,NA,Adenoviridae,Rowavirales
PREDICT_AdV-13,NA,Adenoviridae,Rowavirales
PREDICT_AdV-14,NA,Adenoviridae,Rowavirales
PREDICT_AdV-15,NA,Adenoviridae,Rowavirales
PREDICT_AdV-16,NA,Adenoviridae,Rowavirales
PREDICT_AdV-17,NA,Adenoviridae,Rowavirales
PREDICT_AdV-18,NA,Adenoviridae,Rowavirales
PREDICT_AdV-19,NA,Adenoviridae,Rowavirales
PREDICT_AdV-2,NA,Adenoviridae,Rowavirales
PREDICT_AdV-20,NA,Adenoviridae,Rowavirales
PREDICT_AdV-21,NA,Adenoviridae,Rowavirales
PREDICT_AdV-22,NA,Adenoviridae,Rowavirales
PREDICT_AdV-23,NA,Adenoviridae,Rowavirales
PREDICT_AdV-24,NA,Adenoviridae,Rowavirales
PREDICT_AdV-25,NA,Adenoviridae,Rowavirales
PREDICT_AdV-26,NA,Adenoviridae,Rowavirales
PREDICT_AdV-27,NA,Adenoviridae,Rowavirales
PREDICT_AdV-28,NA,Adenoviridae,Rowavirales
PREDICT_AdV-29,NA,Adenoviridae,Rowavirales
PREDICT_AdV-3,NA,Adenoviridae,Rowavirales
PREDICT_AdV-30,NA,Adenoviridae,Rowavirales
PREDICT_AdV-31,NA,Adenoviridae,Rowavirales
PREDICT_AdV-32,NA,Adenoviridae,Rowavirales
PREDICT_AdV-33,NA,Adenoviridae,Rowavirales
PREDICT_AdV-34,NA,Adenoviridae,Rowavirales
PREDICT_AdV-35,NA,Adenoviridae,Rowavirales
PREDICT_AdV-36,NA,Adenoviridae,Rowavirales
PREDICT_AdV-37,NA,Adenoviridae,Rowavirales
PREDICT_AdV-38,NA,Adenoviridae,Rowavirales
PREDICT_AdV-39,NA,Adenoviridae,Rowavirales
PREDICT_AdV-4,NA,Adenoviridae,Rowavirales
PREDICT_AdV-40,NA,Adenoviridae,Rowavirales
PREDICT_AdV-41,NA,Adenoviridae,Rowavirales
PREDICT_AdV-42,NA,Adenoviridae,Rowavirales
PREDICT_AdV-43,NA,Adenoviridae,Rowavirales
PREDICT_AdV-44,NA,Adenoviridae,Rowavirales
PREDICT_AdV-45,NA,Adenoviridae,Rowavirales
PREDICT_AdV-46,NA,Adenoviridae,Rowavirales
PREDICT_AdV-47,NA,Adenoviridae,Rowavirales
PREDICT_AdV-48,NA,Adenoviridae,Rowavirales
PREDICT_AdV-49,NA,Adenoviridae,Rowavirales
PREDICT_AdV-5,NA,Adenoviridae,Rowavirales
PREDICT_AdV-50,NA,Adenoviridae,Rowavirales
PREDICT_AdV-51,NA,Adenoviridae,Rowavirales
PREDICT_AdV-52,NA,Adenoviridae,Rowavirales
PREDICT_AdV-53,NA,Adenoviridae,Rowavirales
PREDICT_AdV-54,NA,Adenoviridae,Rowavirales
PREDICT_AdV-55,NA,Adenoviridae,Rowavirales
PREDICT_AdV-56,NA,Adenoviridae,Rowavirales
PREDICT_AdV-57,NA,Adenoviridae,Rowavirales
PREDICT_AdV-58,NA,Adenoviridae,Rowavirales
PREDICT_AdV-59,NA,Adenoviridae,Rowavirales
PREDICT_AdV-6,NA,Adenoviridae,Rowavirales
PREDICT_AdV-60,NA,Adenoviridae,Rowavirales
PREDICT_AdV-61,NA,Adenoviridae,Rowavirales
PREDICT_AdV-62,NA,Adenoviridae,Rowavirales
PREDICT_AdV-63,NA,Adenoviridae,Rowavirales
PREDICT_AdV-64,NA,Adenoviridae,Rowavirales
PREDICT_AdV-65,NA,Adenoviridae,Rowavirales
PREDICT_AdV-66,NA,Adenoviridae,Rowavirales
PREDICT_AdV-67,NA,Adenoviridae,Rowavirales
PREDICT_AdV-68,NA,Adenoviridae,Rowavirales
PREDICT_AdV-69,NA,Adenoviridae,Rowavirales
PREDICT_AdV-7,NA,Adenoviridae,Rowavirales
PREDICT_AdV-70,NA,Adenoviridae,Rowavirales
PREDICT_AdV-71,NA,Adenoviridae,Rowavirales
PREDICT_AdV-72,NA,Adenoviridae,Rowavirales
PREDICT_AdV-73,NA,Adenoviridae,Rowavirales
PREDICT_AdV-74,NA,Adenoviridae,Rowavirales
PREDICT_AdV-75,NA,Adenoviridae,Rowavirales
PREDICT_AdV-77,NA,Adenoviridae,Rowavirales
PREDICT_AdV-78,NA,Adenoviridae,Rowavirales
PREDICT_AdV-79,NA,Adenoviridae,Rowavirales
PREDICT_AdV-8,NA,Adenoviridae,Rowavirales
PREDICT_AdV-80,NA,Adenoviridae,Rowavirales
PREDICT_AdV-81,NA,Adenoviridae,Rowavirales
PREDICT_AdV-83,NA,Adenoviridae,Rowavirales
PREDICT_AdV-84,NA,Adenoviridae,Rowavirales
PREDICT_AdV-85,NA,Adenoviridae,Rowavirales
PREDICT_AdV-86,NA,Adenoviridae,Rowavirales
PREDICT_AdV-87,NA,Adenoviridae,Rowavirales
PREDICT_AdV-88,NA,Adenoviridae,Rowavirales
PREDICT_AdV-89,NA,Adenoviridae,Rowavirales
PREDICT_AdV-9,NA,Adenoviridae,Rowavirales
PREDICT_AdV-90,NA,Adenoviridae,Rowavirales
PREDICT_AdV-91,NA,Adenoviridae,Rowavirales
PREDICT_ArenaV-1,NA,Arenaviridae,Bunyavirales
PREDICT_ArenaV-2,NA,Arenaviridae,Bunyavirales
PREDICT_CoV-1,NA,Coronaviridae,Nidovirales
PREDICT_CoV-10,NA,Coronaviridae,Nidovirales
PREDICT_CoV-100,NA,Coronaviridae,Nidovirales
PREDICT_CoV-101,NA,Coronaviridae,Nidovirales
PREDICT_CoV-102,NA,Coronaviridae,Nidovirales
PREDICT_CoV-103,NA,Coronaviridae,Nidovirales
PREDICT_CoV-104,NA,Coronaviridae,Nidovirales
PREDICT_CoV-105,NA,Coronaviridae,Nidovirales
PREDICT_CoV-106,NA,Coronaviridae,Nidovirales
PREDICT_CoV-107,NA,Coronaviridae,Nidovirales
PREDICT_CoV-108,NA,Coronaviridae,Nidovirales
PREDICT_CoV-109,NA,Coronaviridae,Nidovirales
PREDICT_CoV-11,NA,Coronaviridae,Nidovirales
PREDICT_CoV-110,NA,Coronaviridae,Nidovirales
PREDICT_CoV-111,NA,Coronaviridae,Nidovirales
PREDICT_CoV-112,NA,Coronaviridae,Nidovirales
PREDICT_CoV-113,NA,Coronaviridae,Nidovirales
PREDICT_CoV-114,NA,Coronaviridae,Nidovirales
PREDICT_CoV-115,NA,Coronaviridae,Nidovirales
PREDICT_CoV-116,NA,Coronaviridae,Nidovirales
PREDICT_CoV-117,NA,Coronaviridae,Nidovirales
PREDICT_CoV-12,NA,Coronaviridae,Nidovirales
PREDICT_CoV-13,NA,Coronaviridae,Nidovirales
PREDICT_CoV-14,NA,Coronaviridae,Nidovirales
PREDICT_CoV-15,NA,Coronaviridae,Nidovirales
PREDICT_CoV-16,NA,Coronaviridae,Nidovirales
PREDICT_CoV-17,NA,Coronaviridae,Nidovirales
PREDICT_CoV-18,NA,Coronaviridae,Nidovirales
PREDICT_CoV-19,NA,Coronaviridae,Nidovirales
PREDICT_CoV-2,NA,Coronaviridae,Nidovirales
PREDICT_CoV-20,NA,Coronaviridae,Nidovirales
PREDICT_CoV-21,NA,Coronaviridae,Nidovirales
PREDICT_CoV-22,NA,Coronaviridae,Nidovirales
PREDICT_CoV-23,NA,Coronaviridae,Nidovirales
PREDICT_CoV-24,NA,Coronaviridae,Nidovirales
PREDICT_CoV-25,NA,Coronaviridae,Nidovirales
PREDICT_CoV-26,NA,Coronaviridae,Nidovirales
PREDICT_CoV-27,NA,Coronaviridae,Nidovirales
PREDICT_CoV-28,NA,Coronaviridae,Nidovirales
PREDICT_CoV-29,NA,Coronaviridae,Nidovirales
PREDICT_CoV-3,NA,Coronaviridae,Nidovirales
PREDICT_CoV-30,NA,Coronaviridae,Nidovirales
PREDICT_CoV-32,NA,Coronaviridae,Nidovirales
PREDICT_CoV-33,NA,Coronaviridae,Nidovirales
PREDICT_CoV-34,NA,Coronaviridae,Nidovirales
PREDICT_CoV-35,NA,Coronaviridae,Nidovirales
PREDICT_CoV-36,NA,Coronaviridae,Nidovirales
PREDICT_CoV-37,NA,Coronaviridae,Nidovirales
PREDICT_CoV-38,NA,Coronaviridae,Nidovirales
PREDICT_CoV-39,NA,Coronaviridae,Nidovirales
PREDICT_CoV-4,NA,Coronaviridae,Nidovirales
PREDICT_CoV-40,NA,Coronaviridae,Nidovirales
PREDICT_CoV-41,NA,Coronaviridae,Nidovirales
PREDICT_CoV-42,NA,Coronaviridae,Nidovirales
PREDICT_CoV-43,NA,Coronaviridae,Nidovirales
PREDICT_CoV-44,NA,Coronaviridae,Nidovirales
PREDICT_CoV-45,NA,Coronaviridae,Nidovirales
PREDICT_CoV-46,NA,Coronaviridae,Nidovirales
PREDICT_CoV-47,NA,Coronaviridae,Nidovirales
PREDICT_CoV-48,NA,Coronaviridae,Nidovirales
PREDICT_CoV-49,NA,Coronaviridae,Nidovirales
PREDICT_CoV-5,NA,Coronaviridae,Nidovirales
PREDICT_CoV-51,NA,Coronaviridae,Nidovirales
PREDICT_CoV-52,NA,Coronaviridae,Nidovirales
PREDICT_CoV-53,NA,Coronaviridae,Nidovirales
PREDICT_CoV-54,NA,Coronaviridae,Nidovirales
PREDICT_CoV-55,NA,Coronaviridae,Nidovirales
PREDICT_CoV-56,NA,Coronaviridae,Nidovirales
PREDICT_CoV-57,NA,Coronaviridae,Nidovirales
PREDICT_CoV-58,NA,Coronaviridae,Nidovirales
PREDICT_CoV-59,NA,Coronaviridae,Nidovirales
PREDICT_CoV-6,NA,Coronaviridae,Nidovirales
PREDICT_CoV-60,NA,Coronaviridae,Nidovirales
PREDICT_CoV-61,NA,Coronaviridae,Nidovirales
PREDICT_CoV-62,NA,Coronaviridae,Nidovirales
PREDICT_CoV-63,NA,Coronaviridae,Nidovirales
PREDICT_CoV-64,NA,Coronaviridae,Nidovirales
PREDICT_CoV-65,NA,Coronaviridae,Nidovirales
PREDICT_CoV-66,NA,Coronaviridae,Nidovirales
PREDICT_CoV-67,NA,Coronaviridae,Nidovirales
PREDICT_CoV-68,NA,Coronaviridae,Nidovirales
PREDICT_CoV-7,NA,Coronaviridae,Nidovirales
PREDICT_CoV-70,NA,Coronaviridae,Nidovirales
PREDICT_CoV-71,NA,Coronaviridae,Nidovirales
PREDICT_CoV-72,NA,Coronaviridae,Nidovirales
PREDICT_CoV-74,NA,Coronaviridae,Nidovirales
PREDICT_CoV-75,NA,Coronaviridae,Nidovirales
PREDICT_CoV-76,NA,Coronaviridae,Nidovirales
PREDICT_CoV-77,NA,Coronaviridae,Nidovirales
PREDICT_CoV-78,NA,Coronaviridae,Nidovirales
PREDICT_CoV-79,NA,Coronaviridae,Nidovirales
PREDICT_CoV-8,NA,Coronaviridae,Nidovirales
PREDICT_CoV-81,NA,Coronaviridae,Nidovirales
PREDICT_CoV-82,NA,Coronaviridae,Nidovirales
PREDICT_CoV-84,NA,Coronaviridae,Nidovirales
PREDICT_CoV-85,NA,Coronaviridae,Nidovirales
PREDICT_CoV-86,NA,Coronaviridae,Nidovirales
PREDICT_CoV-87,NA,Coronaviridae,Nidovirales
PREDICT_CoV-88,NA,Coronaviridae,Nidovirales
PREDICT_CoV-89,NA,Coronaviridae,Nidovirales
PREDICT_CoV-9,NA,Coronaviridae,Nidovirales
PREDICT_CoV-90,NA,Coronaviridae,Nidovirales
PREDICT_CoV-91,NA,Coronaviridae,Nidovirales
PREDICT_CoV-92,NA,Coronaviridae,Nidovirales
PREDICT_CoV-93,NA,Coronaviridae,Nidovirales
PREDICT_CoV-94,NA,Coronaviridae,Nidovirales
PREDICT_CoV-95,NA,Coronaviridae,Nidovirales
PREDICT_CoV-96,NA,Coronaviridae,Nidovirales
PREDICT_CoV-97,NA,Coronaviridae,Nidovirales
PREDICT_CoV-98,NA,Coronaviridae,Nidovirales
PREDICT_CoV-99,NA,Coronaviridae,Nidovirales
PREDICT_HantaV-1,NA,Hantaviridae,Bunyavirales
PREDICT_HantaV-2,NA,Hantaviridae,Bunyavirales
PREDICT_HantaV-3,NA,Hantaviridae,Bunyavirales
PREDICT_HV-1,NA,Herpesviridae,Herpesvirales
PREDICT_HV-10,NA,Herpesviridae,Herpesvirales
PREDICT_HV-100,NA,Herpesviridae,Herpesvirales
PREDICT_HV-101,NA,Herpesviridae,Herpesvirales
PREDICT_HV-102,NA,Herpesviridae,Herpesvirales
PREDICT_HV-103,NA,Herpesviridae,Herpesvirales
PREDICT_HV-104,NA,Herpesviridae,Herpesvirales
PREDICT_HV-105,NA,Herpesviridae,Herpesvirales
PREDICT_HV-106,NA,Herpesviridae,Herpesvirales
PREDICT_HV-107,NA,Herpesviridae,Herpesvirales
PREDICT_HV-109,NA,Herpesviridae,Herpesvirales
PREDICT_HV-11,NA,Herpesviridae,Herpesvirales
PREDICT_HV-110,NA,Herpesviridae,Herpesvirales
PREDICT_HV-111,NA,Herpesviridae,Herpesvirales
PREDICT_HV-112,NA,Herpesviridae,Herpesvirales
PREDICT_HV-12,NA,Herpesviridae,Herpesvirales
PREDICT_HV-120,NA,Herpesviridae,Herpesvirales
PREDICT_HV-121,NA,Herpesviridae,Herpesvirales
PREDICT_HV-122,NA,Herpesviridae,Herpesvirales
PREDICT_HV-123,NA,Herpesviridae,Herpesvirales
PREDICT_HV-124,NA,Herpesviridae,Herpesvirales
PREDICT_HV-125,NA,Herpesviridae,Herpesvirales
PREDICT_HV-126,NA,Herpesviridae,Herpesvirales
PREDICT_HV-127,NA,Herpesviridae,Herpesvirales
PREDICT_HV-128,NA,Herpesviridae,Herpesvirales
PREDICT_HV-129,NA,Herpesviridae,Herpesvirales
PREDICT_HV-13,NA,Herpesviridae,Herpesvirales
PREDICT_HV-14,NA,Herpesviridae,Herpesvirales
PREDICT_HV-140,NA,Herpesviridae,Herpesvirales
PREDICT_HV-142,NA,Herpesviridae,Herpesvirales
PREDICT_HV-15,NA,Herpesviridae,Herpesvirales
PREDICT_HV-16,NA,Herpesviridae,Herpesvirales
PREDICT_HV-17,NA,Herpesviridae,Herpesvirales
PREDICT_HV-18,NA,Herpesviridae,Herpesvirales
PREDICT_HV-19,NA,Herpesviridae,Herpesvirales
PREDICT_HV-2,NA,Herpesviridae,Herpesvirales
PREDICT_HV-20,NA,Herpesviridae,Herpesvirales
PREDICT_HV-21,NA,Herpesviridae,Herpesvirales
PREDICT_HV-22,NA,Herpesviridae,Herpesvirales
PREDICT_HV-23,NA,Herpesviridae,Herpesvirales
PREDICT_HV-24,NA,Herpesviridae,Herpesvirales
PREDICT_HV-25,NA,Herpesviridae,Herpesvirales
PREDICT_HV-26,NA,Herpesviridae,Herpesvirales
PREDICT_HV-27,NA,Herpesviridae,Herpesvirales
PREDICT_HV-28,NA,Herpesviridae,Herpesvirales
PREDICT_HV-29,NA,Herpesviridae,Herpesvirales
PREDICT_HV-3,NA,Herpesviridae,Herpesvirales
PREDICT_HV-30,NA,Herpesviridae,Herpesvirales
PREDICT_HV-31,NA,Herpesviridae,Herpesvirales
PREDICT_HV-32,NA,Herpesviridae,Herpesvirales
PREDICT_HV-33,NA,Herpesviridae,Herpesvirales
PREDICT_HV-34,NA,Herpesviridae,Herpesvirales
PREDICT_HV-35,NA,Herpesviridae,Herpesvirales
PREDICT_HV-36,NA,Herpesviridae,Herpesvirales
PREDICT_HV-37,NA,Herpesviridae,Herpesvirales
PREDICT_HV-38,NA,Herpesviridae,Herpesvirales
PREDICT_HV-39,NA,Herpesviridae,Herpesvirales
PREDICT_HV-4,NA,Herpesviridae,Herpesvirales
PREDICT_HV-40,NA,Herpesviridae,Herpesvirales
PREDICT_HV-41,NA,Herpesviridae,Herpesvirales
PREDICT_HV-42,NA,Herpesviridae,Herpesvirales
PREDICT_HV-43,NA,Herpesviridae,Herpesvirales
PREDICT_HV-44,NA,Herpesviridae,Herpesvirales
PREDICT_HV-45,NA,Herpesviridae,Herpesvirales
PREDICT_HV-46,NA,Herpesviridae,Herpesvirales
PREDICT_HV-47,NA,Herpesviridae,Herpesvirales
PREDICT_HV-48,NA,Herpesviridae,Herpesvirales
PREDICT_HV-49,NA,Herpesviridae,Herpesvirales
PREDICT_HV-5,NA,Herpesviridae,Herpesvirales
PREDICT_HV-50,NA,Herpesviridae,Herpesvirales
PREDICT_HV-51,NA,Herpesviridae,Herpesvirales
PREDICT_HV-52,NA,Herpesviridae,Herpesvirales
PREDICT_HV-53,NA,Herpesviridae,Herpesvirales
PREDICT_HV-54,NA,Herpesviridae,Herpesvirales
PREDICT_HV-56,NA,Herpesviridae,Herpesvirales
PREDICT_HV-57,NA,Herpesviridae,Herpesvirales
PREDICT_HV-58,NA,Herpesviridae,Herpesvirales
PREDICT_HV-59,NA,Herpesviridae,Herpesvirales
PREDICT_HV-6,NA,Herpesviridae,Herpesvirales
PREDICT_HV-60,NA,Herpesviridae,Herpesvirales
PREDICT_HV-61,NA,Herpesviridae,Herpesvirales
PREDICT_HV-62,NA,Herpesviridae,Herpesvirales
PREDICT_HV-63,NA,Herpesviridae,Herpesvirales
PREDICT_HV-64,NA,Herpesviridae,Herpesvirales
PREDICT_HV-68,NA,Herpesviridae,Herpesvirales
PREDICT_HV-69,NA,Herpesviridae,Herpesvirales
PREDICT_HV-7,NA,Herpesviridae,Herpesvirales
PREDICT_HV-70,NA,Herpesviridae,Herpesvirales
PREDICT_HV-71,NA,Herpesviridae,Herpesvirales
PREDICT_HV-72,NA,Herpesviridae,Herpesvirales
PREDICT_HV-73,NA,Herpesviridae,Herpesvirales
PREDICT_HV-74,NA,Herpesviridae,Herpesvirales
PREDICT_HV-75,NA,Herpesviridae,Herpesvirales
PREDICT_HV-76,NA,Herpesviridae,Herpesvirales
PREDICT_HV-77,NA,Herpesviridae,Herpesvirales
PREDICT_HV-8,NA,Herpesviridae,Herpesvirales
PREDICT_HV-82,NA,Herpesviridae,Herpesvirales
PREDICT_HV-83,NA,Herpesviridae,Herpesvirales
PREDICT_HV-84,NA,Herpesviridae,Herpesvirales
PREDICT_HV-85,NA,Herpesviridae,Herpesvirales
PREDICT_HV-88,NA,Herpesviridae,Herpesvirales
PREDICT_HV-89,NA,Herpesviridae,Herpesvirales
PREDICT_HV-9,NA,Herpesviridae,Herpesvirales
PREDICT_HV-91,NA,Herpesviridae,Herpesvirales
PREDICT_HV-93,NA,Herpesviridae,Herpesvirales
PREDICT_HV-94,NA,Herpesviridae,Herpesvirales
PREDICT_HV-95,NA,Herpesviridae,Herpesvirales
PREDICT_HV-96,NA,Herpesviridae,Herpesvirales
PREDICT_HV-97,NA,Herpesviridae,Herpesvirales
PREDICT_HV-98,NA,Herpesviridae,Herpesvirales
PREDICT_HV-99,NA,Herpesviridae,Herpesvirales
PREDICT_PapV-1,NA,Papillomaviridae,Zurhausenvirales
PREDICT_PbV-1,NA,Picobirnaviridae,Durnavirales
PREDICT_PbV-10,NA,Picobirnaviridae,Durnavirales
PREDICT_PbV-100,NA,Picobirnaviridae,Durnavirales
PREDICT_PbV-101,NA,Picobirnaviridae,Durnavirales
PREDICT_PbV-102,NA,Picobirnaviridae,Durnavirales
PREDICT_PbV-103,NA,Picobirnaviridae,Durnavirales
PREDICT_PbV-104,NA,Picobirnaviridae,Durnavirales
PREDICT_PbV-105,NA,Picobirnaviridae,Durnavirales
PREDICT_PbV-106,NA,Picobirnaviridae,Durnavirales
PREDICT_PbV-107,NA,Picobirnaviridae,Durnavirales
PREDICT_PbV-108,NA,Picobirnaviridae,Durnavirales
PREDICT_PbV-109,NA,Picobirnaviridae,Durnavirales
PREDICT_PbV-11,NA,Picobirnaviridae,Durnavirales
PREDICT_PbV-110,NA,Picobirnaviridae,Durnavirales
PREDICT_PbV-111,NA,Picobirnaviridae,Durnavirales
PREDICT_PbV-112,NA,Picobirnaviridae,Durnavirales
PREDICT_PbV-113,NA,Picobirnaviridae,Durnavirales
PREDICT_PbV-114,NA,Picobirnaviridae,Durnavirales
PREDICT_PbV-115,NA,Picobirnaviridae,Durnavirales
PREDICT_PbV-116,NA,Picobirnaviridae,Durnavirales
PREDICT_PbV-117,NA,Picobirnaviridae,Durnavirales
PREDICT_PbV-118,NA,Picobirnaviridae,Durnavirales
PREDICT_PbV-119,NA,Picobirnaviridae,Durnavirales
PREDICT_PbV-12,NA,Picobirnaviridae,Durnavirales
PREDICT_PbV-120,NA,Picobirnaviridae,Durnavirales
PREDICT_PbV-121,NA,Picobirnaviridae,Durnavirales
PREDICT_PbV-13,NA,Picobirnaviridae,Durnavirales
PREDICT_PbV-14,NA,Picobirnaviridae,Durnavirales
PREDICT_PbV-15,NA,Picobirnaviridae,Durnavirales
PREDICT_PbV-16,NA,Picobirnaviridae,Durnavirales
PREDICT_PbV-17,NA,Picobirnaviridae,Durnavirales
PREDICT_PbV-18,NA,Picobirnaviridae,Durnavirales
PREDICT_PbV-19,NA,Picobirnaviridae,Durnavirales
PREDICT_PbV-2,NA,Picobirnaviridae,Durnavirales
PREDICT_PbV-20,NA,Picobirnaviridae,Durnavirales
PREDICT_PbV-21,NA,Picobirnaviridae,Durnavirales
PREDICT_PbV-22,NA,Picobirnaviridae,Durnavirales
PREDICT_PbV-23,NA,Picobirnaviridae,Durnavirales
PREDICT_PbV-24,NA,Picobirnaviridae,Durnavirales
PREDICT_PbV-25,NA,Picobirnaviridae,Durnavirales
PREDICT_PbV-26,NA,Picobirnaviridae,Durnavirales
PREDICT_PbV-27,NA,Picobirnaviridae,Durnavirales
PREDICT_PbV-28,NA,Picobirnaviridae,Durnavirales
PREDICT_PbV-29,NA,Picobirnaviridae,Durnavirales
PREDICT_PbV-3,NA,Picobirnaviridae,Durnavirales
PREDICT_PbV-30,NA,Picobirnaviridae,Durnavirales
PREDICT_PbV-31,NA,Picobirnaviridae,Durnavirales
PREDICT_PbV-32,NA,Picobirnaviridae,Durnavirales
PREDICT_PbV-33,NA,Picobirnaviridae,Durnavirales
PREDICT_PbV-34,NA,Picobirnaviridae,Durnavirales
PREDICT_PbV-35,NA,Picobirnaviridae,Durnavirales
PREDICT_PbV-36,NA,Picobirnaviridae,Durnavirales
PREDICT_PbV-37,NA,Picobirnaviridae,Durnavirales
PREDICT_PbV-38,NA,Picobirnaviridae,Durnavirales
PREDICT_PbV-39,NA,Picobirnaviridae,Durnavirales
PREDICT_PbV-4,NA,Picobirnaviridae,Durnavirales
PREDICT_PbV-40,NA,Picobirnaviridae,Durnavirales
PREDICT_PbV-41,NA,Picobirnaviridae,Durnavirales
PREDICT_PbV-42,NA,Picobirnaviridae,Durnavirales
PREDICT_PbV-43,NA,Picobirnaviridae,Durnavirales
PREDICT_PbV-44,NA,Picobirnaviridae,Durnavirales
PREDICT_PbV-45,NA,Picobirnaviridae,Durnavirales
PREDICT_PbV-46,NA,Picobirnaviridae,Durnavirales
PREDICT_PbV-47,NA,Picobirnaviridae,Durnavirales
PREDICT_PbV-48,NA,Picobirnaviridae,Durnavirales
PREDICT_PbV-49,NA,Picobirnaviridae,Durnavirales
PREDICT_PbV-5,NA,Picobirnaviridae,Durnavirales
PREDICT_PbV-50,NA,Picobirnaviridae,Durnavirales
PREDICT_PbV-51,NA,Picobirnaviridae,Durnavirales
PREDICT_PbV-52,NA,Picobirnaviridae,Durnavirales
PREDICT_PbV-53,NA,Picobirnaviridae,Durnavirales
PREDICT_PbV-54,NA,Picobirnaviridae,Durnavirales
PREDICT_PbV-55,NA,Picobirnaviridae,Durnavirales
PREDICT_PbV-56,NA,Picobirnaviridae,Durnavirales
PREDICT_PbV-57,NA,Picobirnaviridae,Durnavirales
PREDICT_PbV-58,NA,Picobirnaviridae,Durnavirales
PREDICT_PbV-59,NA,Picobirnaviridae,Durnavirales
PREDICT_PbV-6,NA,Picobirnaviridae,Durnavirales
PREDICT_PbV-60,NA,Picobirnaviridae,Durnavirales
PREDICT_PbV-61,NA,Picobirnaviridae,Durnavirales
PREDICT_PbV-62,NA,Picobirnaviridae,Durnavirales
PREDICT_PbV-63,NA,Picobirnaviridae,Durnavirales
PREDICT_PbV-64,NA,Picobirnaviridae,Durnavirales
PREDICT_PbV-65,NA,Picobirnaviridae,Durnavirales
PREDICT_PbV-66,NA,Picobirnaviridae,Durnavirales
PREDICT_PbV-67,NA,Picobirnaviridae,Durnavirales
PREDICT_PbV-68,NA,Picobirnaviridae,Durnavirales
PREDICT_PbV-69,NA,Picobirnaviridae,Durnavirales
PREDICT_PbV-7,NA,Picobirnaviridae,Durnavirales
PREDICT_PbV-70,NA,Picobirnaviridae,Durnavirales
PREDICT_PbV-71,NA,Picobirnaviridae,Durnavirales
PREDICT_PbV-72,NA,Picobirnaviridae,Durnavirales
PREDICT_PbV-73,NA,Picobirnaviridae,Durnavirales
PREDICT_PbV-74,NA,Picobirnaviridae,Durnavirales
PREDICT_PbV-75,NA,Picobirnaviridae,Durnavirales
PREDICT_PbV-76,NA,Picobirnaviridae,Durnavirales
PREDICT_PbV-77,NA,Picobirnaviridae,Durnavirales
PREDICT_PbV-78,NA,Picobirnaviridae,Durnavirales
PREDICT_PbV-79,NA,Picobirnaviridae,Durnavirales
PREDICT_PbV-8,NA,Picobirnaviridae,Durnavirales
PREDICT_PbV-80,NA,Picobirnaviridae,Durnavirales
PREDICT_PbV-81,NA,Picobirnaviridae,Durnavirales
PREDICT_PbV-82,NA,Picobirnaviridae,Durnavirales
PREDICT_PbV-83,NA,Picobirnaviridae,Durnavirales
PREDICT_PbV-84,NA,Picobirnaviridae,Durnavirales
PREDICT_PbV-85,NA,Picobirnaviridae,Durnavirales
PREDICT_PbV-86,NA,Picobirnaviridae,Durnavirales
PREDICT_PbV-87,NA,Picobirnaviridae,Durnavirales
PREDICT_PbV-88,NA,Picobirnaviridae,Durnavirales
PREDICT_PbV-89,NA,Picobirnaviridae,Durnavirales
PREDICT_PbV-9,NA,Picobirnaviridae,Durnavirales
PREDICT_PbV-90,NA,Picobirnaviridae,Durnavirales
PREDICT_PbV-91,NA,Picobirnaviridae,Durnavirales
PREDICT_PbV-92,NA,Picobirnaviridae,Durnavirales
PREDICT_PbV-93,NA,Picobirnaviridae,Durnavirales
PREDICT_PbV-94,NA,Picobirnaviridae,Durnavirales
PREDICT_PbV-95,NA,Picobirnaviridae,Durnavirales
PREDICT_PbV-96,NA,Picobirnaviridae,Durnavirales
PREDICT_PbV-97,NA,Picobirnaviridae,Durnavirales
PREDICT_PbV-98,NA,Picobirnaviridae,Durnavirales
PREDICT_PbV-99,NA,Picobirnaviridae,Durnavirales
PREDICT_Picorna-1,NA,Picornaviridae,Picornavirales
PREDICT_Picorna-2,NA,Picornaviridae,Picornavirales
PREDICT_Picorna-3,NA,Picornaviridae,Picornavirales
PREDICT_Picorna-4,NA,Picornaviridae,Picornavirales
PREDICT_PMV-1,NA,Paramyxoviridae,Mononegavirales
PREDICT_PMV-10,NA,Paramyxoviridae,Mononegavirales
PREDICT_PMV-101,NA,Paramyxoviridae,Mononegavirales
PREDICT_PMV-103,NA,Paramyxoviridae,Mononegavirales
PREDICT_PMV-104,NA,Paramyxoviridae,Mononegavirales
PREDICT_PMV-105,NA,Paramyxoviridae,Mononegavirales
PREDICT_PMV-106,NA,Paramyxoviridae,Mononegavirales
PREDICT_PMV-107,NA,Paramyxoviridae,Mononegavirales
PREDICT_PMV-108,NA,Paramyxoviridae,Mononegavirales
PREDICT_PMV-109,NA,Paramyxoviridae,Mononegavirales
PREDICT_PMV-11,NA,Paramyxoviridae,Mononegavirales
PREDICT_PMV-110,NA,Paramyxoviridae,Mononegavirales
PREDICT_PMV-113,NA,Paramyxoviridae,Mononegavirales
PREDICT_PMV-114,NA,Paramyxoviridae,Mononegavirales
PREDICT_PMV-115,NA,Paramyxoviridae,Mononegavirales
PREDICT_PMV-116,NA,Paramyxoviridae,Mononegavirales
PREDICT_PMV-117,NA,Paramyxoviridae,Mononegavirales
PREDICT_PMV-118,NA,Paramyxoviridae,Mononegavirales
PREDICT_PMV-119,NA,Paramyxoviridae,Mononegavirales
PREDICT_PMV-12,NA,Paramyxoviridae,Mononegavirales
PREDICT_PMV-120,NA,Paramyxoviridae,Mononegavirales
PREDICT_PMV-123,NA,Paramyxoviridae,Mononegavirales
PREDICT_PMV-125,NA,Paramyxoviridae,Mononegavirales
PREDICT_PMV-127,NA,Paramyxoviridae,Mononegavirales
PREDICT_PMV-128,NA,Paramyxoviridae,Mononegavirales
PREDICT_PMV-129,NA,Paramyxoviridae,Mononegavirales
PREDICT_PMV-13,NA,Paramyxoviridae,Mononegavirales
PREDICT_PMV-130,NA,Paramyxoviridae,Mononegavirales
PREDICT_PMV-131,NA,Paramyxoviridae,Mononegavirales
PREDICT_PMV-132,NA,Paramyxoviridae,Mononegavirales
PREDICT_PMV-133,NA,Paramyxoviridae,Mononegavirales
PREDICT_PMV-134,NA,Paramyxoviridae,Mononegavirales
PREDICT_PMV-135,NA,Paramyxoviridae,Mononegavirales
PREDICT_PMV-136,NA,Paramyxoviridae,Mononegavirales
PREDICT_PMV-137,NA,Paramyxoviridae,Mononegavirales
PREDICT_PMV-138,NA,Paramyxoviridae,Mononegavirales
PREDICT_PMV-139,NA,Paramyxoviridae,Mononegavirales
PREDICT_PMV-14,NA,Paramyxoviridae,Mononegavirales
PREDICT_PMV-140,NA,Paramyxoviridae,Mononegavirales
PREDICT_PMV-141,NA,Paramyxoviridae,Mononegavirales
PREDICT_PMV-142,NA,Paramyxoviridae,Mononegavirales
PREDICT_PMV-143,NA,Paramyxoviridae,Mononegavirales
PREDICT_PMV-144,NA,Paramyxoviridae,Mononegavirales
PREDICT_PMV-145,NA,Paramyxoviridae,Mononegavirales
PREDICT_PMV-146,NA,Paramyxoviridae,Mononegavirales
PREDICT_PMV-147,NA,Paramyxoviridae,Mononegavirales
PREDICT_PMV-148,NA,Paramyxoviridae,Mononegavirales
PREDICT_PMV-149,NA,Paramyxoviridae,Mononegavirales
PREDICT_PMV-15,NA,Paramyxoviridae,Mononegavirales
PREDICT_PMV-150,NA,Paramyxoviridae,Mononegavirales
PREDICT_PMV-151,NA,Paramyxoviridae,Mononegavirales
PREDICT_PMV-152,NA,Paramyxoviridae,Mononegavirales
PREDICT_PMV-153,NA,Paramyxoviridae,Mononegavirales
PREDICT_PMV-155,NA,Paramyxoviridae,Mononegavirales
PREDICT_PMV-156,NA,Paramyxoviridae,Mononegavirales
PREDICT_PMV-157,NA,Paramyxoviridae,Mononegavirales
PREDICT_PMV-158,NA,Paramyxoviridae,Mononegavirales
PREDICT_PMV-159,NA,Paramyxoviridae,Mononegavirales
PREDICT_PMV-16,NA,Paramyxoviridae,Mononegavirales
PREDICT_PMV-160,NA,Paramyxoviridae,Mononegavirales
PREDICT_PMV-161,NA,Paramyxoviridae,Mononegavirales
PREDICT_PMV-162,NA,Paramyxoviridae,Mononegavirales
PREDICT_PMV-163,NA,Paramyxoviridae,Mononegavirales
PREDICT_PMV-164,NA,Paramyxoviridae,Mononegavirales
PREDICT_PMV-165,NA,Paramyxoviridae,Mononegavirales
PREDICT_PMV-166,NA,Paramyxoviridae,Mononegavirales
PREDICT_PMV-167,NA,Paramyxoviridae,Mononegavirales
PREDICT_PMV-168,NA,Paramyxoviridae,Mononegavirales
PREDICT_PMV-169,NA,Paramyxoviridae,Mononegavirales
PREDICT_PMV-17,NA,Paramyxoviridae,Mononegavirales
PREDICT_PMV-170,NA,Paramyxoviridae,Mononegavirales
PREDICT_PMV-171,NA,Paramyxoviridae,Mononegavirales
PREDICT_PMV-172,NA,Paramyxoviridae,Mononegavirales
PREDICT_PMV-173,NA,Paramyxoviridae,Mononegavirales
PREDICT_PMV-174,NA,Paramyxoviridae,Mononegavirales
PREDICT_PMV-175,NA,Paramyxoviridae,Mononegavirales
PREDICT_PMV-176,NA,Paramyxoviridae,Mononegavirales
PREDICT_PMV-178,NA,Paramyxoviridae,Mononegavirales
PREDICT_PMV-179,NA,Paramyxoviridae,Mononegavirales
PREDICT_PMV-18,NA,Paramyxoviridae,Mononegavirales
PREDICT_PMV-180,NA,Paramyxoviridae,Mononegavirales
PREDICT_PMV-181,NA,Paramyxoviridae,Mononegavirales
PREDICT_PMV-182,NA,Paramyxoviridae,Mononegavirales
PREDICT_PMV-183,NA,Paramyxoviridae,Mononegavirales
PREDICT_PMV-184,NA,Paramyxoviridae,Mononegavirales
PREDICT_PMV-185,NA,Paramyxoviridae,Mononegavirales
PREDICT_PMV-186,NA,Paramyxoviridae,Mononegavirales
PREDICT_PMV-187,NA,Paramyxoviridae,Mononegavirales
PREDICT_PMV-188,NA,Paramyxoviridae,Mononegavirales
PREDICT_PMV-189,NA,Paramyxoviridae,Mononegavirales
PREDICT_PMV-19,NA,Paramyxoviridae,Mononegavirales
PREDICT_PMV-190,NA,Paramyxoviridae,Mononegavirales
PREDICT_PMV-191,NA,Paramyxoviridae,Mononegavirales
PREDICT_PMV-192,NA,Paramyxoviridae,Mononegavirales
PREDICT_PMV-193,NA,Paramyxoviridae,Mononegavirales
PREDICT_PMV-194,NA,Paramyxoviridae,Mononegavirales
PREDICT_PMV-2,NA,Paramyxoviridae,Mononegavirales
PREDICT_PMV-20,NA,Paramyxoviridae,Mononegavirales
PREDICT_PMV-21,NA,Paramyxoviridae,Mononegavirales
PREDICT_PMV-22,NA,Paramyxoviridae,Mononegavirales
PREDICT_PMV-23,NA,Paramyxoviridae,Mononegavirales
PREDICT_PMV-24,NA,Paramyxoviridae,Mononegavirales
PREDICT_PMV-25,NA,Paramyxoviridae,Mononegavirales
PREDICT_PMV-26,NA,Paramyxoviridae,Mononegavirales
PREDICT_PMV-27,NA,Paramyxoviridae,Mononegavirales
PREDICT_PMV-28,NA,Paramyxoviridae,Mononegavirales
PREDICT_PMV-29,NA,Paramyxoviridae,Mononegavirales
PREDICT_PMV-3,NA,Paramyxoviridae,Mononegavirales
PREDICT_PMV-30,NA,Paramyxoviridae,Mononegavirales
PREDICT_PMV-31,NA,Paramyxoviridae,Mononegavirales
PREDICT_PMV-32,NA,Paramyxoviridae,Mononegavirales
PREDICT_PMV-33,NA,Paramyxoviridae,Mononegavirales
PREDICT_PMV-34,NA,Paramyxoviridae,Mononegavirales
PREDICT_PMV-36,NA,Paramyxoviridae,Mononegavirales
PREDICT_PMV-37,NA,Paramyxoviridae,Mononegavirales
PREDICT_PMV-38,NA,Paramyxoviridae,Mononegavirales
PREDICT_PMV-39,NA,Paramyxoviridae,Mononegavirales
PREDICT_PMV-4,NA,Paramyxoviridae,Mononegavirales
PREDICT_PMV-40,NA,Paramyxoviridae,Mononegavirales
PREDICT_PMV-41,NA,Paramyxoviridae,Mononegavirales
PREDICT_PMV-42,NA,Paramyxoviridae,Mononegavirales
PREDICT_PMV-43,NA,Paramyxoviridae,Mononegavirales
PREDICT_PMV-44,NA,Paramyxoviridae,Mononegavirales
PREDICT_PMV-45,NA,Paramyxoviridae,Mononegavirales
PREDICT_PMV-46,NA,Paramyxoviridae,Mononegavirales
PREDICT_PMV-47,NA,Paramyxoviridae,Mononegavirales
PREDICT_PMV-48,NA,Paramyxoviridae,Mononegavirales
PREDICT_PMV-49,NA,Paramyxoviridae,Mononegavirales
PREDICT_PMV-5,NA,Paramyxoviridae,Mononegavirales
PREDICT_PMV-50,NA,Paramyxoviridae,Mononegavirales
PREDICT_PMV-51,NA,Paramyxoviridae,Mononegavirales
PREDICT_PMV-53,NA,Paramyxoviridae,Mononegavirales
PREDICT_PMV-54,NA,Paramyxoviridae,Mononegavirales
PREDICT_PMV-55,NA,Paramyxoviridae,Mononegavirales
PREDICT_PMV-56,NA,Paramyxoviridae,Mononegavirales
PREDICT_PMV-57,NA,Paramyxoviridae,Mononegavirales
PREDICT_PMV-58,NA,Paramyxoviridae,Mononegavirales
PREDICT_PMV-59,NA,Paramyxoviridae,Mononegavirales
PREDICT_PMV-6,NA,Paramyxoviridae,Mononegavirales
PREDICT_PMV-60,NA,Paramyxoviridae,Mononegavirales
PREDICT_PMV-61,NA,Paramyxoviridae,Mononegavirales
PREDICT_PMV-62,NA,Paramyxoviridae,Mononegavirales
PREDICT_PMV-63,NA,Paramyxoviridae,Mononegavirales
PREDICT_PMV-64,NA,Paramyxoviridae,Mononegavirales
PREDICT_PMV-65,NA,Paramyxoviridae,Mononegavirales
PREDICT_PMV-66,NA,Paramyxoviridae,Mononegavirales
PREDICT_PMV-67,NA,Paramyxoviridae,Mononegavirales
PREDICT_PMV-68,NA,Paramyxoviridae,Mononegavirales
PREDICT_PMV-69,NA,Paramyxoviridae,Mononegavirales
PREDICT_PMV-7,NA,Paramyxoviridae,Mononegavirales
PREDICT_PMV-70,NA,Paramyxoviridae,Mononegavirales
PREDICT_PMV-71,NA,Paramyxoviridae,Mononegavirales
PREDICT_PMV-72,NA,Paramyxoviridae,Mononegavirales
PREDICT_PMV-73,NA,Paramyxoviridae,Mononegavirales
PREDICT_PMV-74,NA,Paramyxoviridae,Mononegavirales
PREDICT_PMV-75,NA,Paramyxoviridae,Mononegavirales
PREDICT_PMV-76,NA,Paramyxoviridae,Mononegavirales
PREDICT_PMV-77,NA,Paramyxoviridae,Mononegavirales
PREDICT_PMV-78,NA,Paramyxoviridae,Mononegavirales
PREDICT_PMV-79,NA,Paramyxoviridae,Mononegavirales
PREDICT_PMV-8,NA,Paramyxoviridae,Mononegavirales
PREDICT_PMV-80,NA,Paramyxoviridae,Mononegavirales
PREDICT_PMV-81,NA,Paramyxoviridae,Mononegavirales
PREDICT_PMV-82,NA,Paramyxoviridae,Mononegavirales
PREDICT_PMV-83,NA,Paramyxoviridae,Mononegavirales
PREDICT_PMV-85,NA,Paramyxoviridae,Mononegavirales
PREDICT_PMV-86,NA,Paramyxoviridae,Mononegavirales
PREDICT_PMV-88,NA,Paramyxoviridae,Mononegavirales
PREDICT_PMV-89,NA,Paramyxoviridae,Mononegavirales
PREDICT_PMV-9,NA,Paramyxoviridae,Mononegavirales
PREDICT_PMV-90,NA,Paramyxoviridae,Mononegavirales
PREDICT_PMV-91,NA,Paramyxoviridae,Mononegavirales
PREDICT_PMV-97,NA,Paramyxoviridae,Mononegavirales
PREDICT_PMV-98,NA,Paramyxoviridae,Mononegavirales
PREDICT_PMV-99,NA,Paramyxoviridae,Mononegavirales
PREDICT_PosaV-1,NA,NA,Picornavirales
PREDICT_PosaV-2,NA,NA,Picornavirales
PREDICT_PosaV-3,NA,NA,Picornavirales
PREDICT_PosaV-4,NA,NA,Picornavirales
PREDICT_Pox-1,NA,Poxviridae,Chitovirales
PREDICT_PyV-1,NA,Polyomaviridae,Sepolyvirales
PREDICT_PyV-10,NA,Polyomaviridae,Sepolyvirales
PREDICT_PyV-11,NA,Polyomaviridae,Sepolyvirales
PREDICT_PyV-12,NA,Polyomaviridae,Sepolyvirales
PREDICT_PyV-13,NA,Polyomaviridae,Sepolyvirales
PREDICT_PyV-14,NA,Polyomaviridae,Sepolyvirales
PREDICT_PyV-15,NA,Polyomaviridae,Sepolyvirales
PREDICT_PyV-16,NA,Polyomaviridae,Sepolyvirales
PREDICT_PyV-17,NA,Polyomaviridae,Sepolyvirales
PREDICT_PyV-18,NA,Polyomaviridae,Sepolyvirales
PREDICT_PyV-19,NA,Polyomaviridae,Sepolyvirales
PREDICT_PyV-2,NA,Polyomaviridae,Sepolyvirales
PREDICT_PyV-20,NA,Polyomaviridae,Sepolyvirales
PREDICT_PyV-21,NA,Polyomaviridae,Sepolyvirales
PREDICT_PyV-22,NA,Polyomaviridae,Sepolyvirales
PREDICT_PyV-23,NA,Polyomaviridae,Sepolyvirales
PREDICT_PyV-24,NA,Polyomaviridae,Sepolyvirales
PREDICT_PyV-25,NA,Polyomaviridae,Sepolyvirales
PREDICT_PyV-26,NA,Polyomaviridae,Sepolyvirales
PREDICT_PyV-27,NA,Polyomaviridae,Sepolyvirales
PREDICT_PyV-28,NA,Polyomaviridae,Sepolyvirales
PREDICT_PyV-29,NA,Polyomaviridae,Sepolyvirales
PREDICT_PyV-3,NA,Polyomaviridae,Sepolyvirales
PREDICT_PyV-30,NA,Polyomaviridae,Sepolyvirales
PREDICT_PyV-31,NA,Polyomaviridae,Sepolyvirales
PREDICT_PyV-32,NA,Polyomaviridae,Sepolyvirales
PREDICT_PyV-33,NA,Polyomaviridae,Sepolyvirales
PREDICT_PyV-34,NA,Polyomaviridae,Sepolyvirales
PREDICT_PyV-37,NA,Polyomaviridae,Sepolyvirales
PREDICT_PyV-38,NA,Polyomaviridae,Sepolyvirales
PREDICT_PyV-4,NA,Polyomaviridae,Sepolyvirales
PREDICT_PyV-5,NA,Polyomaviridae,Sepolyvirales
PREDICT_PyV-6,NA,Polyomaviridae,Sepolyvirales
PREDICT_PyV-7,NA,Polyomaviridae,Sepolyvirales
PREDICT_PyV-8,NA,Polyomaviridae,Sepolyvirales
PREDICT_PyV-9,NA,Polyomaviridae,Sepolyvirales
PREDICT_RbdV-1,NA,Rhabdoviridae,Mononegavirales
PREDICT_RbdV-10,NA,Rhabdoviridae,Mononegavirales
PREDICT_RbdV-11,NA,Rhabdoviridae,Mononegavirales
PREDICT_RbdV-12,NA,Rhabdoviridae,Mononegavirales
PREDICT_RbdV-13,NA,Rhabdoviridae,Mononegavirales
PREDICT_RbdV-14,NA,Rhabdoviridae,Mononegavirales
PREDICT_RbdV-15,NA,Rhabdoviridae,Mononegavirales
PREDICT_RbdV-16,NA,Rhabdoviridae,Mononegavirales
PREDICT_RbdV-17,NA,Rhabdoviridae,Mononegavirales
PREDICT_RbdV-18,NA,Rhabdoviridae,Mononegavirales
PREDICT_RbdV-19,NA,Rhabdoviridae,Mononegavirales
PREDICT_RbdV-2,NA,Rhabdoviridae,Mononegavirales
PREDICT_RbdV-20,NA,Rhabdoviridae,Mononegavirales
PREDICT_RbdV-21,NA,Rhabdoviridae,Mononegavirales
PREDICT_RbdV-22,NA,Rhabdoviridae,Mononegavirales
PREDICT_RbdV-23,NA,Rhabdoviridae,Mononegavirales
PREDICT_RbdV-24,NA,Rhabdoviridae,Mononegavirales
PREDICT_RbdV-25,NA,Rhabdoviridae,Mononegavirales
PREDICT_RbdV-26,NA,Rhabdoviridae,Mononegavirales
PREDICT_RbdV-27,NA,Rhabdoviridae,Mononegavirales
PREDICT_RbdV-28,NA,Rhabdoviridae,Mononegavirales
PREDICT_RbdV-29,NA,Rhabdoviridae,Mononegavirales
PREDICT_RbdV-3,NA,Rhabdoviridae,Mononegavirales
PREDICT_RbdV-30,NA,Rhabdoviridae,Mononegavirales
PREDICT_RbdV-31,NA,Rhabdoviridae,Mononegavirales
PREDICT_RbdV-32,NA,Rhabdoviridae,Mononegavirales
PREDICT_RbdV-33,NA,Rhabdoviridae,Mononegavirales
PREDICT_RbdV-34,NA,Rhabdoviridae,Mononegavirales
PREDICT_RbdV-35,NA,Rhabdoviridae,Mononegavirales
PREDICT_RbdV-4,NA,Rhabdoviridae,Mononegavirales
PREDICT_RbdV-5,NA,Rhabdoviridae,Mononegavirales
PREDICT_RbdV-6,NA,Rhabdoviridae,Mononegavirales
PREDICT_RbdV-7,NA,Rhabdoviridae,Mononegavirales
PREDICT_RbdV-8,NA,Rhabdoviridae,Mononegavirales
PREDICT_RbdV-9,NA,Rhabdoviridae,Mononegavirales
Rodent Coronavirus,NA,Coronaviridae,Nidovirales
Rodent Paramyxovirus MpR12,NA,Paramyxoviridae,Mononegavirales
Rousettus Bat Coronavirus GCCDC1/346/356,NA,Coronaviridae,Nidovirales
Rousettus Bat Coronavirus/NRC-1,NA,Coronaviridae,Nidovirales
Rousettus Bat Coronavirus/NRC-2,NA,Coronaviridae,Nidovirales
Tupaiid Herpesvirus 1,NA,Herpesviridae,Herpesvirales
YN12103/CHN/2012,NA,Paramyxoviridae,Mononegavirales
