Host,Virus,HostTaxID,VirusTaxID,HostNCBIResolved,VirusNCBIResolved,HostGenus,HostFamily,HostOrder,HostClass,HostOriginal,HostSynonyms,VirusGenus,VirusFamily,VirusOrder,VirusClass,VirusOriginal,HostFlagID,DetectionMethod,DetectionOriginal,Database,DatabaseVersion,PublicationYear,ReferenceText,PMID,NCBIAccession,ReleaseYear,ReleaseMonth,ReleaseDay,CollectionYear,CollectionMonth,CollectionDay
acerodon celebensis,rousettus bat coronavirus hku9,58057,694006,TRUE,TRUE,acerodon,pteropodidae,chiroptera,mammalia,acerodon celebensis,NA,betacoronavirus,coronaviridae,nidovirales,pisoniviricetes,bat coronavirus hku9,FALSE,PCR/Sequencing,PREDICT,PREDICT,June282021PCRTests,NA,NA,NA,MT064734,2021,8,28,2018,1,19
acerodon celebensis,influenza a virus,58057,11320,TRUE,TRUE,acerodon,pteropodidae,chiroptera,mammalia,acerodon celebensis,NA,alphainfluenzavirus,orthomyxoviridae,articulavirales,insthoviricetes,influenza a virus,FALSE,PCR/Sequencing,PREDICT,PREDICT,June282021PCRTests,NA,NA,NA,NA,2021,8,28,2016,3,6
acerodon celebensis,influenza a virus,58057,11320,TRUE,TRUE,acerodon,pteropodidae,chiroptera,mammalia,acerodon celebensis,NA,alphainfluenzavirus,orthomyxoviridae,articulavirales,insthoviricetes,influenza a virus,FALSE,PCR/Sequencing,PREDICT,PREDICT,June282021PCRTests,NA,NA,NA,NA,2021,8,28,2016,3,9
acerodon celebensis,influenza a virus,58057,11320,TRUE,TRUE,acerodon,pteropodidae,chiroptera,mammalia,acerodon celebensis,NA,alphainfluenzavirus,orthomyxoviridae,articulavirales,insthoviricetes,influenza a virus,FALSE,PCR/Sequencing,PREDICT,PREDICT,June282021PCRTests,NA,NA,NA,NA,2021,8,28,2016,3,9
acerodon celebensis,influenza a virus,58057,11320,TRUE,TRUE,acerodon,pteropodidae,chiroptera,mammalia,acerodon celebensis,NA,alphainfluenzavirus,orthomyxoviridae,articulavirales,insthoviricetes,influenza a virus,FALSE,PCR/Sequencing,PREDICT,PREDICT,June282021PCRTests,NA,NA,NA,NA,2021,8,28,2016,3,9
acerodon celebensis,influenza a virus,58057,11320,TRUE,TRUE,acerodon,pteropodidae,chiroptera,mammalia,acerodon celebensis,NA,alphainfluenzavirus,orthomyxoviridae,articulavirales,insthoviricetes,influenza a virus,FALSE,PCR/Sequencing,PREDICT,PREDICT,June282021PCRTests,NA,NA,NA,NA,2021,8,28,2016,3,9
acerodon celebensis,influenza a virus,58057,11320,TRUE,TRUE,acerodon,pteropodidae,chiroptera,mammalia,acerodon celebensis,NA,alphainfluenzavirus,orthomyxoviridae,articulavirales,insthoviricetes,influenza a virus,FALSE,PCR/Sequencing,PREDICT,PREDICT,June282021PCRTests,NA,NA,NA,NA,2021,8,28,2016,3,9
acerodon celebensis,influenza a virus,58057,11320,TRUE,TRUE,acerodon,pteropodidae,chiroptera,mammalia,acerodon celebensis,NA,alphainfluenzavirus,orthomyxoviridae,articulavirales,insthoviricetes,influenza a virus,FALSE,PCR/Sequencing,PREDICT,PREDICT,June282021PCRTests,NA,NA,NA,NA,2021,8,28,2016,3,9
acerodon celebensis,influenza a virus,58057,11320,TRUE,TRUE,acerodon,pteropodidae,chiroptera,mammalia,acerodon celebensis,NA,alphainfluenzavirus,orthomyxoviridae,articulavirales,insthoviricetes,influenza a virus,FALSE,PCR/Sequencing,PREDICT,PREDICT,June282021PCRTests,NA,NA,NA,NA,2021,8,28,2016,3,9
acerodon celebensis,influenza a virus,58057,11320,TRUE,TRUE,acerodon,pteropodidae,chiroptera,mammalia,acerodon celebensis,NA,alphainfluenzavirus,orthomyxoviridae,articulavirales,insthoviricetes,influenza a virus,FALSE,PCR/Sequencing,PREDICT,PREDICT,June282021PCRTests,NA,NA,NA,NA,2021,8,28,2016,3,9
acerodon celebensis,influenza a virus,58057,11320,TRUE,TRUE,acerodon,pteropodidae,chiroptera,mammalia,acerodon celebensis,NA,alphainfluenzavirus,orthomyxoviridae,articulavirales,insthoviricetes,influenza a virus,FALSE,PCR/Sequencing,PREDICT,PREDICT,June282021PCRTests,NA,NA,NA,NA,2021,8,28,2016,3,9
acerodon celebensis,influenza a virus,58057,11320,TRUE,TRUE,acerodon,pteropodidae,chiroptera,mammalia,acerodon celebensis,NA,alphainfluenzavirus,orthomyxoviridae,articulavirales,insthoviricetes,influenza a virus,FALSE,PCR/Sequencing,PREDICT,PREDICT,June282021PCRTests,NA,NA,NA,NA,2021,8,28,2016,3,9
acerodon celebensis,influenza a virus,58057,11320,TRUE,TRUE,acerodon,pteropodidae,chiroptera,mammalia,acerodon celebensis,NA,alphainfluenzavirus,orthomyxoviridae,articulavirales,insthoviricetes,influenza a virus,FALSE,PCR/Sequencing,PREDICT,PREDICT,June282021PCRTests,NA,NA,NA,NA,2021,8,28,2016,3,9
acerodon celebensis,influenza a virus,58057,11320,TRUE,TRUE,acerodon,pteropodidae,chiroptera,mammalia,acerodon celebensis,NA,alphainfluenzavirus,orthomyxoviridae,articulavirales,insthoviricetes,influenza a virus,FALSE,PCR/Sequencing,PREDICT,PREDICT,June282021PCRTests,NA,NA,NA,NA,2021,8,28,2016,3,9
acerodon celebensis,influenza a virus,58057,11320,TRUE,TRUE,acerodon,pteropodidae,chiroptera,mammalia,acerodon celebensis,NA,alphainfluenzavirus,orthomyxoviridae,articulavirales,insthoviricetes,influenza a virus,FALSE,PCR/Sequencing,PREDICT,PREDICT,June282021PCRTests,NA,NA,NA,NA,2021,8,28,2016,3,7
acerodon celebensis,influenza a virus,58057,11320,TRUE,TRUE,acerodon,pteropodidae,chiroptera,mammalia,acerodon celebensis,NA,alphainfluenzavirus,orthomyxoviridae,articulavirales,insthoviricetes,influenza a virus,FALSE,PCR/Sequencing,PREDICT,PREDICT,June282021PCRTests,NA,NA,NA,NA,2021,8,28,2016,3,7
acerodon celebensis,influenza a virus,58057,11320,TRUE,TRUE,acerodon,pteropodidae,chiroptera,mammalia,acerodon celebensis,NA,alphainfluenzavirus,orthomyxoviridae,articulavirales,insthoviricetes,influenza a virus,FALSE,PCR/Sequencing,PREDICT,PREDICT,June282021PCRTests,NA,NA,NA,NA,2021,8,28,2017,2,28
acerodon celebensis,influenza a virus,58057,11320,TRUE,TRUE,acerodon,pteropodidae,chiroptera,mammalia,acerodon celebensis,NA,alphainfluenzavirus,orthomyxoviridae,articulavirales,insthoviricetes,influenza a virus,FALSE,PCR/Sequencing,PREDICT,PREDICT,June282021PCRTests,NA,NA,NA,NA,2021,8,28,2017,2,28
acerodon celebensis,influenza a virus,58057,11320,TRUE,TRUE,acerodon,pteropodidae,chiroptera,mammalia,acerodon celebensis,NA,alphainfluenzavirus,orthomyxoviridae,articulavirales,insthoviricetes,influenza a virus,FALSE,PCR/Sequencing,PREDICT,PREDICT,June282021PCRTests,NA,NA,NA,NA,2021,8,28,2017,2,28
acerodon celebensis,predict_cov-73,58057,NA,TRUE,FALSE,acerodon,pteropodidae,chiroptera,mammalia,acerodon celebensis,NA,NA,coronaviridae,nidovirales,NA,predict_cov-73,FALSE,PCR/Sequencing,PREDICT,PREDICT,June282021PCRTests,NA,NA,NA,MT083135,2021,8,28,2016,3,5
acerodon celebensis,predict_cov-73,58057,NA,TRUE,FALSE,acerodon,pteropodidae,chiroptera,mammalia,acerodon celebensis,NA,NA,coronaviridae,nidovirales,NA,predict_cov-73,FALSE,PCR/Sequencing,PREDICT,PREDICT,June282021PCRTests,NA,NA,NA,MT083066,2021,8,28,2016,3,5
acerodon celebensis,predict_cov-73,58057,NA,TRUE,FALSE,acerodon,pteropodidae,chiroptera,mammalia,acerodon celebensis,NA,NA,coronaviridae,nidovirales,NA,predict_cov-73,FALSE,PCR/Sequencing,PREDICT,PREDICT,June282021PCRTests,NA,NA,NA,MT083134,2021,8,28,2016,3,6
acerodon celebensis,predict_cov-73,58057,NA,TRUE,FALSE,acerodon,pteropodidae,chiroptera,mammalia,acerodon celebensis,NA,NA,coronaviridae,nidovirales,NA,predict_cov-73,FALSE,PCR/Sequencing,PREDICT,PREDICT,June282021PCRTests,NA,NA,NA,MT083099,2021,8,28,2016,9,4
acerodon celebensis,predict_cov-73,58057,NA,TRUE,FALSE,acerodon,pteropodidae,chiroptera,mammalia,acerodon celebensis,NA,NA,coronaviridae,nidovirales,NA,predict_cov-73,FALSE,PCR/Sequencing,PREDICT,PREDICT,June282021PCRTests,NA,NA,NA,MT083105,2021,8,28,2016,9,5
acerodon celebensis,predict_cov-73,58057,NA,TRUE,FALSE,acerodon,pteropodidae,chiroptera,mammalia,acerodon celebensis,NA,NA,coronaviridae,nidovirales,NA,predict_cov-73,FALSE,PCR/Sequencing,PREDICT,PREDICT,June282021PCRTests,NA,NA,NA,"MT064664, MT083145",2021,8,28,2016,12,27
acerodon celebensis,predict_cov-73,58057,NA,TRUE,FALSE,acerodon,pteropodidae,chiroptera,mammalia,acerodon celebensis,NA,NA,coronaviridae,nidovirales,NA,predict_cov-73,FALSE,PCR/Sequencing,PREDICT,PREDICT,June282021PCRTests,NA,NA,NA,MT064665,2021,8,28,2016,12,28
acerodon celebensis,predict_cov-73,58057,NA,TRUE,FALSE,acerodon,pteropodidae,chiroptera,mammalia,acerodon celebensis,NA,NA,coronaviridae,nidovirales,NA,predict_cov-73,FALSE,PCR/Sequencing,PREDICT,PREDICT,June282021PCRTests,NA,NA,NA,MT083067,2021,8,28,2016,3,7
acerodon celebensis,predict_cov-73,58057,NA,TRUE,FALSE,acerodon,pteropodidae,chiroptera,mammalia,acerodon celebensis,NA,NA,coronaviridae,nidovirales,NA,predict_cov-73,FALSE,PCR/Sequencing,PREDICT,PREDICT,June282021PCRTests,NA,NA,NA,MT083141,2021,8,28,2017,2,28
acerodon celebensis,predict_cov-73,58057,NA,TRUE,FALSE,acerodon,pteropodidae,chiroptera,mammalia,acerodon celebensis,NA,NA,coronaviridae,nidovirales,NA,predict_cov-73,FALSE,PCR/Sequencing,PREDICT,PREDICT,June282021PCRTests,NA,NA,NA,MT083148,2021,8,28,2017,2,21
acerodon celebensis,predict_cov-73,58057,NA,TRUE,FALSE,acerodon,pteropodidae,chiroptera,mammalia,acerodon celebensis,NA,NA,coronaviridae,nidovirales,NA,predict_cov-73,FALSE,PCR/Sequencing,PREDICT,PREDICT,June282021PCRTests,NA,NA,NA,MT083149,2021,8,28,2017,2,21
acerodon celebensis,predict_cov-73,58057,NA,TRUE,FALSE,acerodon,pteropodidae,chiroptera,mammalia,acerodon celebensis,NA,NA,coronaviridae,nidovirales,NA,predict_cov-73,FALSE,PCR/Sequencing,PREDICT,PREDICT,June282021PCRTests,NA,NA,NA,MT083150,2021,8,28,2017,2,21
acerodon celebensis,predict_cov-73,58057,NA,TRUE,FALSE,acerodon,pteropodidae,chiroptera,mammalia,acerodon celebensis,NA,NA,coronaviridae,nidovirales,NA,predict_cov-73,FALSE,PCR/Sequencing,PREDICT,PREDICT,June282021PCRTests,NA,NA,NA,MT083191,2021,8,28,2017,11,15
acerodon celebensis,predict_cov-73,58057,NA,TRUE,FALSE,acerodon,pteropodidae,chiroptera,mammalia,acerodon celebensis,NA,NA,coronaviridae,nidovirales,NA,predict_cov-73,FALSE,PCR/Sequencing,PREDICT,PREDICT,June282021PCRTests,NA,NA,NA,MT083192,2021,8,28,2017,11,15
acerodon celebensis,predict_cov-73,58057,NA,TRUE,FALSE,acerodon,pteropodidae,chiroptera,mammalia,acerodon celebensis,NA,NA,coronaviridae,nidovirales,NA,predict_cov-73,FALSE,PCR/Sequencing,PREDICT,PREDICT,June282021PCRTests,NA,NA,NA,MT083185,2021,8,28,2018,4,13
acerodon celebensis,predict_cov-73,58057,NA,TRUE,FALSE,acerodon,pteropodidae,chiroptera,mammalia,acerodon celebensis,NA,NA,coronaviridae,nidovirales,NA,predict_cov-73,FALSE,PCR/Sequencing,PREDICT,PREDICT,June282021PCRTests,NA,NA,NA,MT083184,2021,8,28,2018,4,14
acerodon celebensis,predict_cov-73,58057,NA,TRUE,FALSE,acerodon,pteropodidae,chiroptera,mammalia,acerodon celebensis,NA,NA,coronaviridae,nidovirales,NA,predict_cov-73,FALSE,PCR/Sequencing,PREDICT,PREDICT,June282021PCRTests,NA,NA,NA,MT083183,2021,8,28,2018,4,14
acerodon celebensis,predict_cov-73,58057,NA,TRUE,FALSE,acerodon,pteropodidae,chiroptera,mammalia,acerodon celebensis,NA,NA,coronaviridae,nidovirales,NA,predict_cov-73,FALSE,PCR/Sequencing,PREDICT,PREDICT,June282021PCRTests,NA,NA,NA,MT083182,2021,8,28,2018,4,14
acerodon celebensis,predict_cov-83,58057,NA,TRUE,FALSE,acerodon,pteropodidae,chiroptera,mammalia,acerodon celebensis,NA,NA,coronaviridae,nidovirales,NA,predict_cov-83,FALSE,PCR/Sequencing,PREDICT,PREDICT,June282021PCRTests,NA,NA,NA,MT083106,2021,8,28,2016,9,5
acerodon celebensis,predict_pmv-111,58057,NA,TRUE,FALSE,acerodon,pteropodidae,chiroptera,mammalia,acerodon celebensis,NA,NA,paramyxoviridae,mononegavirales,NA,predict_pmv-111,FALSE,PCR/Sequencing,PREDICT,PREDICT,June282021PCRTests,NA,NA,NA,MT083777,2021,8,28,2016,9,2
acerodon celebensis,predict_pmv-93,58057,NA,TRUE,FALSE,acerodon,pteropodidae,chiroptera,mammalia,acerodon celebensis,NA,NA,paramyxoviridae,mononegavirales,NA,predict_pmv-93,FALSE,PCR/Sequencing,PREDICT,PREDICT,June282021PCRTests,NA,NA,NA,MT063255,2021,8,28,2016,3,7
acerodon celebensis,predict_pmv-95,58057,NA,TRUE,FALSE,acerodon,pteropodidae,chiroptera,mammalia,acerodon celebensis,NA,NA,paramyxoviridae,mononegavirales,monjiviricetes,predict_pmv-95,FALSE,PCR/Sequencing,PREDICT,PREDICT,June282021PCRTests,NA,NA,NA,MT063256,2021,8,28,2016,9,2
NA,influenza a virus,8835,11320,TRUE,TRUE,anas,anatidae,anseriformes,aves,anas sp.,NA,alphainfluenzavirus,orthomyxoviridae,articulavirales,insthoviricetes,influenza a virus,FALSE,PCR/Sequencing,PREDICT,PREDICT,June282021PCRTests,NA,NA,NA,NA,2021,8,28,2016,5,26
NA,influenza a virus,8835,11320,TRUE,TRUE,anas,anatidae,anseriformes,aves,anas sp.,NA,alphainfluenzavirus,orthomyxoviridae,articulavirales,insthoviricetes,influenza a virus,FALSE,PCR/Sequencing,PREDICT,PREDICT,June282021PCRTests,NA,NA,NA,NA,2021,8,28,2016,5,26
NA,influenza a virus,8835,11320,TRUE,TRUE,anas,anatidae,anseriformes,aves,anas sp.,NA,alphainfluenzavirus,orthomyxoviridae,articulavirales,insthoviricetes,influenza a virus,FALSE,PCR/Sequencing,PREDICT,PREDICT,June282021PCRTests,NA,NA,NA,NA,2021,8,28,2016,5,26
NA,influenza a virus,8835,11320,TRUE,TRUE,anas,anatidae,anseriformes,aves,anas sp.,NA,alphainfluenzavirus,orthomyxoviridae,articulavirales,insthoviricetes,influenza a virus,FALSE,PCR/Sequencing,PREDICT,PREDICT,June282021PCRTests,NA,NA,NA,NA,2021,8,28,2016,5,26
NA,influenza a virus,8835,11320,TRUE,TRUE,anas,anatidae,anseriformes,aves,anas sp.,NA,alphainfluenzavirus,orthomyxoviridae,articulavirales,insthoviricetes,influenza a virus,FALSE,PCR/Sequencing,PREDICT,PREDICT,June282021PCRTests,NA,NA,NA,NA,2021,8,28,2016,5,26
NA,influenza a virus,8835,11320,TRUE,TRUE,anas,anatidae,anseriformes,aves,anas sp.,NA,alphainfluenzavirus,orthomyxoviridae,articulavirales,insthoviricetes,influenza a virus,FALSE,PCR/Sequencing,PREDICT,PREDICT,June282021PCRTests,NA,NA,NA,NA,2021,8,28,2016,5,26
NA,influenza a virus,8835,11320,TRUE,TRUE,anas,anatidae,anseriformes,aves,anas sp.,NA,alphainfluenzavirus,orthomyxoviridae,articulavirales,insthoviricetes,influenza a virus,FALSE,PCR/Sequencing,PREDICT,PREDICT,June282021PCRTests,NA,NA,NA,NA,2021,8,28,2016,9,25
NA,influenza a virus,8835,11320,TRUE,TRUE,anas,anatidae,anseriformes,aves,anas sp.,NA,alphainfluenzavirus,orthomyxoviridae,articulavirales,insthoviricetes,influenza a virus,FALSE,PCR/Sequencing,PREDICT,PREDICT,June282021PCRTests,NA,NA,NA,NA,2021,8,28,2016,9,25
NA,influenza a virus,8835,11320,TRUE,TRUE,anas,anatidae,anseriformes,aves,anas sp.,NA,alphainfluenzavirus,orthomyxoviridae,articulavirales,insthoviricetes,influenza a virus,FALSE,PCR/Sequencing,PREDICT,PREDICT,June282021PCRTests,NA,NA,NA,NA,2021,8,28,2016,9,25
NA,influenza a virus,8835,11320,TRUE,TRUE,anas,anatidae,anseriformes,aves,anas sp.,NA,alphainfluenzavirus,orthomyxoviridae,articulavirales,insthoviricetes,influenza a virus,FALSE,PCR/Sequencing,PREDICT,PREDICT,June282021PCRTests,NA,NA,NA,NA,2021,8,28,2016,9,25
NA,influenza a virus,8835,11320,TRUE,TRUE,anas,anatidae,anseriformes,aves,anas sp.,NA,alphainfluenzavirus,orthomyxoviridae,articulavirales,insthoviricetes,influenza a virus,FALSE,PCR/Sequencing,PREDICT,PREDICT,June282021PCRTests,NA,NA,NA,NA,2021,8,28,2016,9,25
NA,influenza a virus,8835,11320,TRUE,TRUE,anas,anatidae,anseriformes,aves,anas sp.,NA,alphainfluenzavirus,orthomyxoviridae,articulavirales,insthoviricetes,influenza a virus,FALSE,PCR/Sequencing,PREDICT,PREDICT,June282021PCRTests,NA,NA,NA,NA,2021,8,28,2016,9,25
NA,influenza a virus,8835,11320,TRUE,TRUE,anas,anatidae,anseriformes,aves,anas sp.,NA,alphainfluenzavirus,orthomyxoviridae,articulavirales,insthoviricetes,influenza a virus,FALSE,PCR/Sequencing,PREDICT,PREDICT,June282021PCRTests,NA,NA,NA,NA,2021,8,28,2016,9,25
NA,influenza a virus,8835,11320,TRUE,TRUE,anas,anatidae,anseriformes,aves,anas sp.,NA,alphainfluenzavirus,orthomyxoviridae,articulavirales,insthoviricetes,influenza a virus,FALSE,PCR/Sequencing,PREDICT,PREDICT,June282021PCRTests,NA,NA,NA,NA,2021,8,28,2016,9,10
NA,influenza a virus,8835,11320,TRUE,TRUE,anas,anatidae,anseriformes,aves,anas sp.,NA,alphainfluenzavirus,orthomyxoviridae,articulavirales,insthoviricetes,influenza a virus,FALSE,PCR/Sequencing,PREDICT,PREDICT,June282021PCRTests,NA,NA,NA,NA,2021,8,28,2017,8,30
NA,influenza a virus,8835,11320,TRUE,TRUE,anas,anatidae,anseriformes,aves,anas sp.,NA,alphainfluenzavirus,orthomyxoviridae,articulavirales,insthoviricetes,influenza a virus,FALSE,PCR/Sequencing,PREDICT,PREDICT,June282021PCRTests,NA,NA,NA,NA,2021,8,28,2017,8,30
NA,influenza a virus,8835,11320,TRUE,TRUE,anas,anatidae,anseriformes,aves,anas sp.,NA,alphainfluenzavirus,orthomyxoviridae,articulavirales,insthoviricetes,influenza a virus,FALSE,PCR/Sequencing,PREDICT,PREDICT,June282021PCRTests,NA,NA,NA,NA,2021,8,28,2017,8,30
NA,influenza a virus,8835,11320,TRUE,TRUE,anas,anatidae,anseriformes,aves,anas sp.,NA,alphainfluenzavirus,orthomyxoviridae,articulavirales,insthoviricetes,influenza a virus,FALSE,PCR/Sequencing,PREDICT,PREDICT,June282021PCRTests,NA,NA,NA,NA,2021,8,28,2017,8,30
NA,influenza a virus,8835,11320,TRUE,TRUE,anas,anatidae,anseriformes,aves,anas sp.,NA,alphainfluenzavirus,orthomyxoviridae,articulavirales,insthoviricetes,influenza a virus,FALSE,PCR/Sequencing,PREDICT,PREDICT,June282021PCRTests,NA,NA,NA,NA,2021,8,28,2018,6,10
NA,influenza a virus,8835,11320,TRUE,TRUE,anas,anatidae,anseriformes,aves,anas sp.,NA,alphainfluenzavirus,orthomyxoviridae,articulavirales,insthoviricetes,influenza a virus,FALSE,PCR/Sequencing,PREDICT,PREDICT,June282021PCRTests,NA,NA,NA,NA,2021,8,28,2018,8,22
NA,influenza a virus,8835,11320,TRUE,TRUE,anas,anatidae,anseriformes,aves,anas sp.,NA,alphainfluenzavirus,orthomyxoviridae,articulavirales,insthoviricetes,influenza a virus,FALSE,PCR/Sequencing,PREDICT,PREDICT,June282021PCRTests,NA,NA,NA,NA,2021,8,28,2018,8,22
NA,influenza a virus,8835,11320,TRUE,TRUE,anas,anatidae,anseriformes,aves,anas sp.,NA,alphainfluenzavirus,orthomyxoviridae,articulavirales,insthoviricetes,influenza a virus,FALSE,PCR/Sequencing,PREDICT,PREDICT,June282021PCRTests,NA,NA,NA,NA,2021,8,28,2018,8,22
NA,influenza a virus,8835,11320,TRUE,TRUE,anas,anatidae,anseriformes,aves,anas sp.,NA,alphainfluenzavirus,orthomyxoviridae,articulavirales,insthoviricetes,influenza a virus,FALSE,PCR/Sequencing,PREDICT,PREDICT,June282021PCRTests,NA,NA,NA,NA,2021,8,28,2018,8,22
anser cygnoid,avian coronavirus,NA,694014,FALSE,TRUE,NA,NA,NA,NA,anser cygnoid,NA,gammacoronavirus,coronaviridae,nidovirales,pisoniviricetes,duck coronavirus,FALSE,PCR/Sequencing,PREDICT,PREDICT,June282021PCRTests,NA,NA,NA,MT083410,2021,8,28,2017,1,18
NA,influenza a virus,8842,11320,TRUE,TRUE,anser,anatidae,anseriformes,aves,anser sp.,NA,alphainfluenzavirus,orthomyxoviridae,articulavirales,insthoviricetes,influenza a virus,FALSE,PCR/Sequencing,PREDICT,PREDICT,June282021PCRTests,NA,NA,NA,NA,2021,8,28,2016,5,31
NA,influenza a virus,8842,11320,TRUE,TRUE,anser,anatidae,anseriformes,aves,anser sp.,NA,alphainfluenzavirus,orthomyxoviridae,articulavirales,insthoviricetes,influenza a virus,FALSE,PCR/Sequencing,PREDICT,PREDICT,June282021PCRTests,NA,NA,NA,NA,2021,8,28,2016,5,31
NA,influenza a virus,8842,11320,TRUE,TRUE,anser,anatidae,anseriformes,aves,anser sp.,NA,alphainfluenzavirus,orthomyxoviridae,articulavirales,insthoviricetes,influenza a virus,FALSE,PCR/Sequencing,PREDICT,PREDICT,June282021PCRTests,NA,NA,NA,NA,2021,8,28,2016,5,31
NA,murine coronavirus,69078,694005,TRUE,TRUE,bandicota,muridae,rodentia,mammalia,bandicota sp.,NA,betacoronavirus,coronaviridae,nidovirales,pisoniviricetes,murine coronavirus,FALSE,PCR/Sequencing,PREDICT,PREDICT,June282021PCRTests,NA,NA,NA,MT083417,2021,8,28,2018,8,7
bunomys penitus,murine coronavirus,1330375,694005,TRUE,TRUE,bunomys,muridae,rodentia,mammalia,bunomys penitus,NA,betacoronavirus,coronaviridae,nidovirales,pisoniviricetes,murine coronavirus,FALSE,PCR/Sequencing,PREDICT,PREDICT,June282021PCRTests,NA,NA,NA,MT064766,2021,8,28,2018,1,27
cairina moschata,influenza a virus,8855,11320,TRUE,TRUE,cairina,anatidae,anseriformes,aves,cairina moschata,NA,alphainfluenzavirus,orthomyxoviridae,articulavirales,insthoviricetes,influenza a virus,FALSE,PCR/Sequencing,PREDICT,PREDICT,June282021PCRTests,NA,NA,NA,NA,2021,8,28,2017,12,29
cairina moschata,influenza a virus,8855,11320,TRUE,TRUE,cairina,anatidae,anseriformes,aves,cairina moschata,NA,alphainfluenzavirus,orthomyxoviridae,articulavirales,insthoviricetes,influenza a virus,FALSE,PCR/Sequencing,PREDICT,PREDICT,June282021PCRTests,NA,NA,NA,NA,2021,8,28,2017,12,29
NA,influenza a virus,NA,11320,NA,TRUE,NA,NA,NA,NA,columba livia domestica,NA,alphainfluenzavirus,orthomyxoviridae,articulavirales,insthoviricetes,influenza a virus,FALSE,PCR/Sequencing,PREDICT,PREDICT,June282021PCRTests,NA,NA,NA,NA,2021,8,28,2017,12,15
corvus macrorhynchos,influenza a virus,36249,11320,TRUE,TRUE,corvus,corvidae,passeriformes,aves,corvus macrorhynchos,NA,alphainfluenzavirus,orthomyxoviridae,articulavirales,insthoviricetes,influenza a virus,FALSE,PCR/Sequencing,PREDICT,PREDICT,June282021PCRTests,NA,NA,NA,NA,2021,8,28,2016,2,20
cygnus cygnus,influenza a virus,219595,11320,TRUE,TRUE,cygnus,anatidae,anseriformes,aves,cygnus cygnus,NA,alphainfluenzavirus,orthomyxoviridae,articulavirales,insthoviricetes,influenza a virus,FALSE,PCR/Sequencing,PREDICT,PREDICT,June282021PCRTests,NA,NA,NA,NA,2021,8,28,2016,5,26
cygnus cygnus,influenza a virus,219595,11320,TRUE,TRUE,cygnus,anatidae,anseriformes,aves,cygnus cygnus,NA,alphainfluenzavirus,orthomyxoviridae,articulavirales,insthoviricetes,influenza a virus,FALSE,PCR/Sequencing,PREDICT,PREDICT,June282021PCRTests,NA,NA,NA,NA,2021,8,28,2016,5,26
cygnus cygnus,influenza a virus,219595,11320,TRUE,TRUE,cygnus,anatidae,anseriformes,aves,cygnus cygnus,NA,alphainfluenzavirus,orthomyxoviridae,articulavirales,insthoviricetes,influenza a virus,FALSE,PCR/Sequencing,PREDICT,PREDICT,June282021PCRTests,NA,NA,NA,NA,2021,8,28,2016,5,26
cygnus cygnus,influenza a virus,219595,11320,TRUE,TRUE,cygnus,anatidae,anseriformes,aves,cygnus cygnus,NA,alphainfluenzavirus,orthomyxoviridae,articulavirales,insthoviricetes,influenza a virus,FALSE,PCR/Sequencing,PREDICT,PREDICT,June282021PCRTests,NA,NA,NA,NA,2021,8,28,2016,5,26
cygnus cygnus,influenza a virus,219595,11320,TRUE,TRUE,cygnus,anatidae,anseriformes,aves,cygnus cygnus,NA,alphainfluenzavirus,orthomyxoviridae,articulavirales,insthoviricetes,influenza a virus,FALSE,PCR/Sequencing,PREDICT,PREDICT,June282021PCRTests,NA,NA,NA,NA,2021,8,28,2016,5,26
cygnus cygnus,influenza a virus,219595,11320,TRUE,TRUE,cygnus,anatidae,anseriformes,aves,cygnus cygnus,NA,alphainfluenzavirus,orthomyxoviridae,articulavirales,insthoviricetes,influenza a virus,FALSE,PCR/Sequencing,PREDICT,PREDICT,June282021PCRTests,NA,NA,NA,NA,2021,8,28,2016,5,26
NA,influenza a virus,9399,11320,TRUE,TRUE,cynopterus,pteropodidae,chiroptera,mammalia,cynopterus sp.,NA,alphainfluenzavirus,orthomyxoviridae,articulavirales,insthoviricetes,influenza a virus,FALSE,PCR/Sequencing,PREDICT,PREDICT,June282021PCRTests,NA,NA,NA,NA,2021,8,28,2017,2,27
NA,philippines/diliman1525g2/2008,9399,NA,TRUE,FALSE,cynopterus,pteropodidae,chiroptera,mammalia,cynopterus sp.,NA,betacoronavirus,coronaviridae,nidovirales,NA,philippines/diliman1525g2/2008,FALSE,PCR/Sequencing,PREDICT,PREDICT,June282021PCRTests,NA,NA,NA,MT083060,2021,8,28,2017,2,26
NA,philippines/diliman1525g2/2008,9399,NA,TRUE,FALSE,cynopterus,pteropodidae,chiroptera,mammalia,cynopterus sp.,NA,betacoronavirus,coronaviridae,nidovirales,NA,philippines/diliman1525g2/2008,FALSE,PCR/Sequencing,PREDICT,PREDICT,June282021PCRTests,NA,NA,NA,"MT064818, MT083058",2021,8,28,2017,2,27
NA,philippines/diliman1525g2/2008,9399,NA,TRUE,FALSE,cynopterus,pteropodidae,chiroptera,mammalia,cynopterus sp.,NA,betacoronavirus,coronaviridae,nidovirales,NA,philippines/diliman1525g2/2008,FALSE,PCR/Sequencing,PREDICT,PREDICT,June282021PCRTests,NA,NA,NA,"MT064820, MT083061",2021,8,28,2018,4,13
glauconycteris poensis,kenya bat coronavirus/btky66/65/63/60,258909,NA,TRUE,FALSE,glauconycteris,vespertilionidae,chiroptera,mammalia,glauconycteris poensis,NA,alphacoronavirus,coronaviridae,nidovirales,NA,kenya bat coronavirus/btky66/65/63/60,FALSE,PCR/Sequencing,PREDICT,PREDICT,June282021PCRTests,NA,NA,NA,MT125485,2021,8,28,2018,1,23
homo sapiens,human coronavirus nl63,9606,277944,TRUE,TRUE,homo,hominidae,primates,mammalia,homo sapiens,NA,alphacoronavirus,coronaviridae,nidovirales,pisoniviricetes,coronavirus nl63,FALSE,PCR/Sequencing,PREDICT,PREDICT,June282021PCRTests,NA,NA,NA,"MT083297, MT064699",2021,8,28,NA,NA,NA
homo sapiens,human coronavirus nl63,9606,277944,TRUE,TRUE,homo,hominidae,primates,mammalia,homo sapiens,NA,alphacoronavirus,coronaviridae,nidovirales,pisoniviricetes,coronavirus nl63,FALSE,PCR/Sequencing,PREDICT,PREDICT,June282021PCRTests,NA,NA,NA,MT832127,2021,8,28,NA,NA,NA
homo sapiens,human coronavirus nl63,9606,277944,TRUE,TRUE,homo,hominidae,primates,mammalia,homo sapiens,NA,alphacoronavirus,coronaviridae,nidovirales,pisoniviricetes,coronavirus nl63,FALSE,PCR/Sequencing,PREDICT,PREDICT,June282021PCRTests,NA,NA,NA,MT832128,2021,8,28,NA,NA,NA
NA,influenza a virus,8911,11320,TRUE,TRUE,larus,laridae,charadriiformes,aves,larus sp.,NA,alphainfluenzavirus,orthomyxoviridae,articulavirales,insthoviricetes,influenza a virus,FALSE,PCR/Sequencing,PREDICT,PREDICT,June282021PCRTests,NA,NA,NA,NA,2021,8,28,2017,6,11
NA,kenya bat coronavirus/btky66/65/63/60,9432,NA,TRUE,FALSE,miniopterus,vespertilionidae,chiroptera,mammalia,miniopterus sp.,NA,alphacoronavirus,coronaviridae,nidovirales,NA,kenya bat coronavirus/btky66/65/63/60,FALSE,PCR/Sequencing,PREDICT,PREDICT,June282021PCRTests,NA,NA,NA,MT125490,2021,8,28,2018,1,25
NA,scotophilus bat coronavirus 512,9434,693999,TRUE,TRUE,myotis,vespertilionidae,chiroptera,mammalia,myotis sp.,NA,alphacoronavirus,coronaviridae,nidovirales,pisoniviricetes,bat coronavirus 512/2005,FALSE,PCR/Sequencing,PREDICT,PREDICT,June282021PCRTests,NA,NA,NA,MT065041,2021,8,28,2017,7,25
NA,scotophilus bat coronavirus 512,9434,693999,TRUE,TRUE,myotis,vespertilionidae,chiroptera,mammalia,myotis sp.,NA,alphacoronavirus,coronaviridae,nidovirales,pisoniviricetes,bat coronavirus 512/2005,FALSE,PCR/Sequencing,PREDICT,PREDICT,June282021PCRTests,NA,NA,NA,MT065042,2021,8,28,2017,7,25
NA,scotophilus bat coronavirus 512,9434,693999,TRUE,TRUE,myotis,vespertilionidae,chiroptera,mammalia,myotis sp.,NA,alphacoronavirus,coronaviridae,nidovirales,pisoniviricetes,bat coronavirus 512/2005,FALSE,PCR/Sequencing,PREDICT,PREDICT,June282021PCRTests,NA,NA,NA,MT065043,2021,8,28,2017,7,25
NA,scotophilus bat coronavirus 512,9434,693999,TRUE,TRUE,myotis,vespertilionidae,chiroptera,mammalia,myotis sp.,NA,alphacoronavirus,coronaviridae,nidovirales,pisoniviricetes,bat coronavirus 512/2005,FALSE,PCR/Sequencing,PREDICT,PREDICT,June282021PCRTests,NA,NA,NA,"MT065044, MT083450",2021,8,28,2017,7,25
NA,scotophilus bat coronavirus 512,9434,693999,TRUE,TRUE,myotis,vespertilionidae,chiroptera,mammalia,myotis sp.,NA,alphacoronavirus,coronaviridae,nidovirales,pisoniviricetes,bat coronavirus 512/2005,FALSE,PCR/Sequencing,PREDICT,PREDICT,June282021PCRTests,NA,NA,NA,MT065045,2021,8,28,2017,7,25
NA,scotophilus bat coronavirus 512,9434,693999,TRUE,TRUE,myotis,vespertilionidae,chiroptera,mammalia,myotis sp.,NA,alphacoronavirus,coronaviridae,nidovirales,pisoniviricetes,bat coronavirus 512/2005,FALSE,PCR/Sequencing,PREDICT,PREDICT,June282021PCRTests,NA,NA,NA,"MT065046, MT083451",2021,8,28,2017,7,25
NA,scotophilus bat coronavirus 512,9434,693999,TRUE,TRUE,myotis,vespertilionidae,chiroptera,mammalia,myotis sp.,NA,alphacoronavirus,coronaviridae,nidovirales,pisoniviricetes,bat coronavirus 512/2005,FALSE,PCR/Sequencing,PREDICT,PREDICT,June282021PCRTests,NA,NA,NA,MT065047,2021,8,28,2017,7,25
NA,scotophilus bat coronavirus 512,9434,693999,TRUE,TRUE,myotis,vespertilionidae,chiroptera,mammalia,myotis sp.,NA,alphacoronavirus,coronaviridae,nidovirales,pisoniviricetes,bat coronavirus 512/2005,FALSE,PCR/Sequencing,PREDICT,PREDICT,June282021PCRTests,NA,NA,NA,"MT065048, MT083452",2021,8,28,2017,7,25
NA,scotophilus bat coronavirus 512,9434,693999,TRUE,TRUE,myotis,vespertilionidae,chiroptera,mammalia,myotis sp.,NA,alphacoronavirus,coronaviridae,nidovirales,pisoniviricetes,bat coronavirus 512/2005,FALSE,PCR/Sequencing,PREDICT,PREDICT,June282021PCRTests,NA,NA,NA,MT065052,2021,8,28,2017,7,25
NA,scotophilus bat coronavirus 512,9434,693999,TRUE,TRUE,myotis,vespertilionidae,chiroptera,mammalia,myotis sp.,NA,alphacoronavirus,coronaviridae,nidovirales,pisoniviricetes,bat coronavirus 512/2005,FALSE,PCR/Sequencing,PREDICT,PREDICT,June282021PCRTests,NA,NA,NA,MT065053,2021,8,28,2017,7,25
NA,scotophilus bat coronavirus 512,9434,693999,TRUE,TRUE,myotis,vespertilionidae,chiroptera,mammalia,myotis sp.,NA,alphacoronavirus,coronaviridae,nidovirales,pisoniviricetes,bat coronavirus 512/2005,FALSE,PCR/Sequencing,PREDICT,PREDICT,June282021PCRTests,NA,NA,NA,MT065054,2021,8,28,2017,7,25
NA,scotophilus bat coronavirus 512,9434,693999,TRUE,TRUE,myotis,vespertilionidae,chiroptera,mammalia,myotis sp.,NA,alphacoronavirus,coronaviridae,nidovirales,pisoniviricetes,bat coronavirus 512/2005,FALSE,PCR/Sequencing,PREDICT,PREDICT,June282021PCRTests,NA,NA,NA,"MT065055, MT083453",2021,8,28,2017,7,25
NA,scotophilus bat coronavirus 512,9434,693999,TRUE,TRUE,myotis,vespertilionidae,chiroptera,mammalia,myotis sp.,NA,alphacoronavirus,coronaviridae,nidovirales,pisoniviricetes,bat coronavirus 512/2005,FALSE,PCR/Sequencing,PREDICT,PREDICT,June282021PCRTests,NA,NA,NA,MT065056,2021,8,28,2017,7,25
NA,scotophilus bat coronavirus 512,9434,693999,TRUE,TRUE,myotis,vespertilionidae,chiroptera,mammalia,myotis sp.,NA,alphacoronavirus,coronaviridae,nidovirales,pisoniviricetes,bat coronavirus 512/2005,FALSE,PCR/Sequencing,PREDICT,PREDICT,June282021PCRTests,NA,NA,NA,MT065057,2021,8,28,2017,7,25
NA,scotophilus bat coronavirus 512,9434,693999,TRUE,TRUE,myotis,vespertilionidae,chiroptera,mammalia,myotis sp.,NA,alphacoronavirus,coronaviridae,nidovirales,pisoniviricetes,bat coronavirus 512/2005,FALSE,PCR/Sequencing,PREDICT,PREDICT,June282021PCRTests,NA,NA,NA,"MT065058, MT083454",2021,8,28,2017,7,25
NA,scotophilus bat coronavirus 512,9434,693999,TRUE,TRUE,myotis,vespertilionidae,chiroptera,mammalia,myotis sp.,NA,alphacoronavirus,coronaviridae,nidovirales,pisoniviricetes,bat coronavirus 512/2005,FALSE,PCR/Sequencing,PREDICT,PREDICT,June282021PCRTests,NA,NA,NA,MT065059,2021,8,28,2017,7,25
NA,scotophilus bat coronavirus 512,9434,693999,TRUE,TRUE,myotis,vespertilionidae,chiroptera,mammalia,myotis sp.,NA,alphacoronavirus,coronaviridae,nidovirales,pisoniviricetes,bat coronavirus 512/2005,FALSE,PCR/Sequencing,PREDICT,PREDICT,June282021PCRTests,NA,NA,NA,MT083455,2021,8,28,2017,7,25
NA,scotophilus bat coronavirus 512,9434,693999,TRUE,TRUE,myotis,vespertilionidae,chiroptera,mammalia,myotis sp.,NA,alphacoronavirus,coronaviridae,nidovirales,pisoniviricetes,bat coronavirus 512/2005,FALSE,PCR/Sequencing,PREDICT,PREDICT,June282021PCRTests,NA,NA,NA,MT065060,2021,8,28,2017,7,25
NA,scotophilus bat coronavirus 512,9434,693999,TRUE,TRUE,myotis,vespertilionidae,chiroptera,mammalia,myotis sp.,NA,alphacoronavirus,coronaviridae,nidovirales,pisoniviricetes,bat coronavirus 512/2005,FALSE,PCR/Sequencing,PREDICT,PREDICT,June282021PCRTests,NA,NA,NA,MT065061,2021,8,28,2017,7,25
NA,scotophilus bat coronavirus 512,9434,693999,TRUE,TRUE,myotis,vespertilionidae,chiroptera,mammalia,myotis sp.,NA,alphacoronavirus,coronaviridae,nidovirales,pisoniviricetes,bat coronavirus 512/2005,FALSE,PCR/Sequencing,PREDICT,PREDICT,June282021PCRTests,NA,NA,NA,MT065039,2021,8,28,2017,7,25
NA,scotophilus bat coronavirus 512,9434,693999,TRUE,TRUE,myotis,vespertilionidae,chiroptera,mammalia,myotis sp.,NA,alphacoronavirus,coronaviridae,nidovirales,pisoniviricetes,bat coronavirus 512/2005,FALSE,PCR/Sequencing,PREDICT,PREDICT,June282021PCRTests,NA,NA,NA,MT065062,2021,8,28,2017,7,25
NA,scotophilus bat coronavirus 512,9434,693999,TRUE,TRUE,myotis,vespertilionidae,chiroptera,mammalia,myotis sp.,NA,alphacoronavirus,coronaviridae,nidovirales,pisoniviricetes,bat coronavirus 512/2005,FALSE,PCR/Sequencing,PREDICT,PREDICT,June282021PCRTests,NA,NA,NA,MT065063,2021,8,28,2017,7,25
NA,scotophilus bat coronavirus 512,9434,693999,TRUE,TRUE,myotis,vespertilionidae,chiroptera,mammalia,myotis sp.,NA,alphacoronavirus,coronaviridae,nidovirales,pisoniviricetes,bat coronavirus 512/2005,FALSE,PCR/Sequencing,PREDICT,PREDICT,June282021PCRTests,NA,NA,NA,MT065064,2021,8,28,2017,7,25
NA,scotophilus bat coronavirus 512,9434,693999,TRUE,TRUE,myotis,vespertilionidae,chiroptera,mammalia,myotis sp.,NA,alphacoronavirus,coronaviridae,nidovirales,pisoniviricetes,bat coronavirus 512/2005,FALSE,PCR/Sequencing,PREDICT,PREDICT,June282021PCRTests,NA,NA,NA,MT065065,2021,8,28,2017,7,25
NA,scotophilus bat coronavirus 512,9434,693999,TRUE,TRUE,myotis,vespertilionidae,chiroptera,mammalia,myotis sp.,NA,alphacoronavirus,coronaviridae,nidovirales,pisoniviricetes,bat coronavirus 512/2005,FALSE,PCR/Sequencing,PREDICT,PREDICT,June282021PCRTests,NA,NA,NA,MT065066,2021,8,28,2017,7,25
NA,scotophilus bat coronavirus 512,9434,693999,TRUE,TRUE,myotis,vespertilionidae,chiroptera,mammalia,myotis sp.,NA,alphacoronavirus,coronaviridae,nidovirales,pisoniviricetes,bat coronavirus 512/2005,FALSE,PCR/Sequencing,PREDICT,PREDICT,June282021PCRTests,NA,NA,NA,MT065067,2021,8,28,2017,7,25
NA,scotophilus bat coronavirus 512,9434,693999,TRUE,TRUE,myotis,vespertilionidae,chiroptera,mammalia,myotis sp.,NA,alphacoronavirus,coronaviridae,nidovirales,pisoniviricetes,bat coronavirus 512/2005,FALSE,PCR/Sequencing,PREDICT,PREDICT,June282021PCRTests,NA,NA,NA,MT065068,2021,8,28,2017,7,25
NA,scotophilus bat coronavirus 512,9434,693999,TRUE,TRUE,myotis,vespertilionidae,chiroptera,mammalia,myotis sp.,NA,alphacoronavirus,coronaviridae,nidovirales,pisoniviricetes,bat coronavirus 512/2005,FALSE,PCR/Sequencing,PREDICT,PREDICT,June282021PCRTests,NA,NA,NA,MT065069,2021,8,28,2017,7,25
NA,scotophilus bat coronavirus 512,9434,693999,TRUE,TRUE,myotis,vespertilionidae,chiroptera,mammalia,myotis sp.,NA,alphacoronavirus,coronaviridae,nidovirales,pisoniviricetes,bat coronavirus 512/2005,FALSE,PCR/Sequencing,PREDICT,PREDICT,June282021PCRTests,NA,NA,NA,MT065070,2021,8,28,2017,7,25
NA,scotophilus bat coronavirus 512,9434,693999,TRUE,TRUE,myotis,vespertilionidae,chiroptera,mammalia,myotis sp.,NA,alphacoronavirus,coronaviridae,nidovirales,pisoniviricetes,bat coronavirus 512/2005,FALSE,PCR/Sequencing,PREDICT,PREDICT,June282021PCRTests,NA,NA,NA,"MT065072, MT083457",2021,8,28,2017,7,26
NA,scotophilus bat coronavirus 512,9434,693999,TRUE,TRUE,myotis,vespertilionidae,chiroptera,mammalia,myotis sp.,NA,alphacoronavirus,coronaviridae,nidovirales,pisoniviricetes,bat coronavirus 512/2005,FALSE,PCR/Sequencing,PREDICT,PREDICT,June282021PCRTests,NA,NA,NA,MT083458,2021,8,28,2017,7,26
NA,scotophilus bat coronavirus 512,9434,693999,TRUE,TRUE,myotis,vespertilionidae,chiroptera,mammalia,myotis sp.,NA,alphacoronavirus,coronaviridae,nidovirales,pisoniviricetes,bat coronavirus 512/2005,FALSE,PCR/Sequencing,PREDICT,PREDICT,June282021PCRTests,NA,NA,NA,"MT065073, MT083459",2021,8,28,2017,7,26
NA,scotophilus bat coronavirus 512,9434,693999,TRUE,TRUE,myotis,vespertilionidae,chiroptera,mammalia,myotis sp.,NA,alphacoronavirus,coronaviridae,nidovirales,pisoniviricetes,bat coronavirus 512/2005,FALSE,PCR/Sequencing,PREDICT,PREDICT,June282021PCRTests,NA,NA,NA,MT083460,2021,8,28,2017,7,26
NA,scotophilus bat coronavirus 512,9434,693999,TRUE,TRUE,myotis,vespertilionidae,chiroptera,mammalia,myotis sp.,NA,alphacoronavirus,coronaviridae,nidovirales,pisoniviricetes,bat coronavirus 512/2005,FALSE,PCR/Sequencing,PREDICT,PREDICT,June282021PCRTests,NA,NA,NA,MT065040,2021,8,28,2017,7,26
NA,scotophilus bat coronavirus 512,9434,693999,TRUE,TRUE,myotis,vespertilionidae,chiroptera,mammalia,myotis sp.,NA,alphacoronavirus,coronaviridae,nidovirales,pisoniviricetes,bat coronavirus 512/2005,FALSE,PCR/Sequencing,PREDICT,PREDICT,June282021PCRTests,NA,NA,NA,MT065074,2021,8,28,2017,7,26
NA,scotophilus bat coronavirus 512,9434,693999,TRUE,TRUE,myotis,vespertilionidae,chiroptera,mammalia,myotis sp.,NA,alphacoronavirus,coronaviridae,nidovirales,pisoniviricetes,bat coronavirus 512/2005,FALSE,PCR/Sequencing,PREDICT,PREDICT,June282021PCRTests,NA,NA,NA,MT065076,2021,8,28,2017,7,26
myotis welwitschii,kenya bat coronavirus/btky66/65/63/60,160974,NA,TRUE,FALSE,myotis,vespertilionidae,chiroptera,mammalia,myotis welwitschii,NA,alphacoronavirus,coronaviridae,nidovirales,NA,kenya bat coronavirus/btky66/65/63/60,FALSE,PCR/Sequencing,PREDICT,PREDICT,June282021PCRTests,NA,NA,NA,MT125373,2021,8,28,2017,7,24
paruromys dominator,murine coronavirus,472713,694005,TRUE,TRUE,paruromys,muridae,rodentia,mammalia,paruromys dominator,NA,betacoronavirus,coronaviridae,nidovirales,pisoniviricetes,murine coronavirus,FALSE,PCR/Sequencing,PREDICT,PREDICT,June282021PCRTests,NA,NA,NA,"MT064763, MT083205",2021,8,28,2018,1,21
pteropus alecto,rousettus bat coronavirus hku9,9402,694006,TRUE,TRUE,pteropus,pteropodidae,chiroptera,mammalia,pteropus alecto,NA,betacoronavirus,coronaviridae,nidovirales,pisoniviricetes,bat coronavirus hku9,FALSE,PCR/Sequencing,PREDICT,PREDICT,June282021PCRTests,NA,NA,NA,MT083146,2021,8,28,2016,12,28
pteropus alecto,influenza a virus,9402,11320,TRUE,TRUE,pteropus,pteropodidae,chiroptera,mammalia,pteropus alecto,NA,alphainfluenzavirus,orthomyxoviridae,articulavirales,insthoviricetes,influenza a virus,FALSE,PCR/Sequencing,PREDICT,PREDICT,June282021PCRTests,NA,NA,NA,NA,2021,8,28,2016,9,2
pteropus alecto,influenza a virus,9402,11320,TRUE,TRUE,pteropus,pteropodidae,chiroptera,mammalia,pteropus alecto,NA,alphainfluenzavirus,orthomyxoviridae,articulavirales,insthoviricetes,influenza a virus,FALSE,PCR/Sequencing,PREDICT,PREDICT,June282021PCRTests,NA,NA,NA,NA,2021,8,28,2016,9,2
pteropus alecto,influenza a virus,9402,11320,TRUE,TRUE,pteropus,pteropodidae,chiroptera,mammalia,pteropus alecto,NA,alphainfluenzavirus,orthomyxoviridae,articulavirales,insthoviricetes,influenza a virus,FALSE,PCR/Sequencing,PREDICT,PREDICT,June282021PCRTests,NA,NA,NA,NA,2021,8,28,2016,9,2
pteropus alecto,influenza a virus,9402,11320,TRUE,TRUE,pteropus,pteropodidae,chiroptera,mammalia,pteropus alecto,NA,alphainfluenzavirus,orthomyxoviridae,articulavirales,insthoviricetes,influenza a virus,FALSE,PCR/Sequencing,PREDICT,PREDICT,June282021PCRTests,NA,NA,NA,NA,2021,8,28,2016,9,2
pteropus alecto,influenza a virus,9402,11320,TRUE,TRUE,pteropus,pteropodidae,chiroptera,mammalia,pteropus alecto,NA,alphainfluenzavirus,orthomyxoviridae,articulavirales,insthoviricetes,influenza a virus,FALSE,PCR/Sequencing,PREDICT,PREDICT,June282021PCRTests,NA,NA,NA,NA,2021,8,28,2016,9,2
pteropus alecto,influenza a virus,9402,11320,TRUE,TRUE,pteropus,pteropodidae,chiroptera,mammalia,pteropus alecto,NA,alphainfluenzavirus,orthomyxoviridae,articulavirales,insthoviricetes,influenza a virus,FALSE,PCR/Sequencing,PREDICT,PREDICT,June282021PCRTests,NA,NA,NA,NA,2021,8,28,2016,9,2
pteropus alecto,influenza a virus,9402,11320,TRUE,TRUE,pteropus,pteropodidae,chiroptera,mammalia,pteropus alecto,NA,alphainfluenzavirus,orthomyxoviridae,articulavirales,insthoviricetes,influenza a virus,FALSE,PCR/Sequencing,PREDICT,PREDICT,June282021PCRTests,NA,NA,NA,NA,2021,8,28,2016,9,2
pteropus alecto,influenza a virus,9402,11320,TRUE,TRUE,pteropus,pteropodidae,chiroptera,mammalia,pteropus alecto,NA,alphainfluenzavirus,orthomyxoviridae,articulavirales,insthoviricetes,influenza a virus,FALSE,PCR/Sequencing,PREDICT,PREDICT,June282021PCRTests,NA,NA,NA,NA,2021,8,28,2016,9,2
pteropus alecto,influenza a virus,9402,11320,TRUE,TRUE,pteropus,pteropodidae,chiroptera,mammalia,pteropus alecto,NA,alphainfluenzavirus,orthomyxoviridae,articulavirales,insthoviricetes,influenza a virus,FALSE,PCR/Sequencing,PREDICT,PREDICT,June282021PCRTests,NA,NA,NA,NA,2021,8,28,2016,9,2
pteropus alecto,influenza a virus,9402,11320,TRUE,TRUE,pteropus,pteropodidae,chiroptera,mammalia,pteropus alecto,NA,alphainfluenzavirus,orthomyxoviridae,articulavirales,insthoviricetes,influenza a virus,FALSE,PCR/Sequencing,PREDICT,PREDICT,June282021PCRTests,NA,NA,NA,NA,2021,8,28,2016,9,2
pteropus alecto,influenza a virus,9402,11320,TRUE,TRUE,pteropus,pteropodidae,chiroptera,mammalia,pteropus alecto,NA,alphainfluenzavirus,orthomyxoviridae,articulavirales,insthoviricetes,influenza a virus,FALSE,PCR/Sequencing,PREDICT,PREDICT,June282021PCRTests,NA,NA,NA,NA,2021,8,28,2016,9,2
pteropus alecto,influenza a virus,9402,11320,TRUE,TRUE,pteropus,pteropodidae,chiroptera,mammalia,pteropus alecto,NA,alphainfluenzavirus,orthomyxoviridae,articulavirales,insthoviricetes,influenza a virus,FALSE,PCR/Sequencing,PREDICT,PREDICT,June282021PCRTests,NA,NA,NA,NA,2021,8,28,2016,9,2
pteropus alecto,influenza a virus,9402,11320,TRUE,TRUE,pteropus,pteropodidae,chiroptera,mammalia,pteropus alecto,NA,alphainfluenzavirus,orthomyxoviridae,articulavirales,insthoviricetes,influenza a virus,FALSE,PCR/Sequencing,PREDICT,PREDICT,June282021PCRTests,NA,NA,NA,NA,2021,8,28,2016,9,2
pteropus alecto,influenza a virus,9402,11320,TRUE,TRUE,pteropus,pteropodidae,chiroptera,mammalia,pteropus alecto,NA,alphainfluenzavirus,orthomyxoviridae,articulavirales,insthoviricetes,influenza a virus,FALSE,PCR/Sequencing,PREDICT,PREDICT,June282021PCRTests,NA,NA,NA,NA,2021,8,28,2016,9,2
pteropus alecto,influenza a virus,9402,11320,TRUE,TRUE,pteropus,pteropodidae,chiroptera,mammalia,pteropus alecto,NA,alphainfluenzavirus,orthomyxoviridae,articulavirales,insthoviricetes,influenza a virus,FALSE,PCR/Sequencing,PREDICT,PREDICT,June282021PCRTests,NA,NA,NA,NA,2021,8,28,2016,9,3
pteropus alecto,influenza a virus,9402,11320,TRUE,TRUE,pteropus,pteropodidae,chiroptera,mammalia,pteropus alecto,NA,alphainfluenzavirus,orthomyxoviridae,articulavirales,insthoviricetes,influenza a virus,FALSE,PCR/Sequencing,PREDICT,PREDICT,June282021PCRTests,NA,NA,NA,NA,2021,8,28,2016,9,3
pteropus alecto,influenza a virus,9402,11320,TRUE,TRUE,pteropus,pteropodidae,chiroptera,mammalia,pteropus alecto,NA,alphainfluenzavirus,orthomyxoviridae,articulavirales,insthoviricetes,influenza a virus,FALSE,PCR/Sequencing,PREDICT,PREDICT,June282021PCRTests,NA,NA,NA,NA,2021,8,28,2016,9,3
pteropus alecto,influenza a virus,9402,11320,TRUE,TRUE,pteropus,pteropodidae,chiroptera,mammalia,pteropus alecto,NA,alphainfluenzavirus,orthomyxoviridae,articulavirales,insthoviricetes,influenza a virus,FALSE,PCR/Sequencing,PREDICT,PREDICT,June282021PCRTests,NA,NA,NA,NA,2021,8,28,2016,9,3
pteropus alecto,influenza a virus,9402,11320,TRUE,TRUE,pteropus,pteropodidae,chiroptera,mammalia,pteropus alecto,NA,alphainfluenzavirus,orthomyxoviridae,articulavirales,insthoviricetes,influenza a virus,FALSE,PCR/Sequencing,PREDICT,PREDICT,June282021PCRTests,NA,NA,NA,NA,2021,8,28,2016,9,3
pteropus alecto,influenza a virus,9402,11320,TRUE,TRUE,pteropus,pteropodidae,chiroptera,mammalia,pteropus alecto,NA,alphainfluenzavirus,orthomyxoviridae,articulavirales,insthoviricetes,influenza a virus,FALSE,PCR/Sequencing,PREDICT,PREDICT,June282021PCRTests,NA,NA,NA,NA,2021,8,28,2016,9,3
pteropus alecto,influenza a virus,9402,11320,TRUE,TRUE,pteropus,pteropodidae,chiroptera,mammalia,pteropus alecto,NA,alphainfluenzavirus,orthomyxoviridae,articulavirales,insthoviricetes,influenza a virus,FALSE,PCR/Sequencing,PREDICT,PREDICT,June282021PCRTests,NA,NA,NA,NA,2021,8,28,2016,9,4
pteropus alecto,influenza a virus,9402,11320,TRUE,TRUE,pteropus,pteropodidae,chiroptera,mammalia,pteropus alecto,NA,alphainfluenzavirus,orthomyxoviridae,articulavirales,insthoviricetes,influenza a virus,FALSE,PCR/Sequencing,PREDICT,PREDICT,June282021PCRTests,NA,NA,NA,NA,2021,8,28,2016,9,5
pteropus alecto,influenza a virus,9402,11320,TRUE,TRUE,pteropus,pteropodidae,chiroptera,mammalia,pteropus alecto,NA,alphainfluenzavirus,orthomyxoviridae,articulavirales,insthoviricetes,influenza a virus,FALSE,PCR/Sequencing,PREDICT,PREDICT,June282021PCRTests,NA,NA,NA,NA,2021,8,28,2016,12,20
pteropus alecto,influenza a virus,9402,11320,TRUE,TRUE,pteropus,pteropodidae,chiroptera,mammalia,pteropus alecto,NA,alphainfluenzavirus,orthomyxoviridae,articulavirales,insthoviricetes,influenza a virus,FALSE,PCR/Sequencing,PREDICT,PREDICT,June282021PCRTests,NA,NA,NA,NA,2021,8,28,2017,8,20
pteropus alecto,predict_cov-16,9402,NA,TRUE,FALSE,pteropus,pteropodidae,chiroptera,mammalia,pteropus alecto,NA,NA,coronaviridae,nidovirales,NA,predict_cov-16,FALSE,PCR/Sequencing,PREDICT,PREDICT,June282021PCRTests,NA,NA,NA,MT064810,2021,8,28,2016,9,2
pteropus alecto,predict_cov-16,9402,NA,TRUE,FALSE,pteropus,pteropodidae,chiroptera,mammalia,pteropus alecto,NA,NA,coronaviridae,nidovirales,NA,predict_cov-16,FALSE,PCR/Sequencing,PREDICT,PREDICT,June282021PCRTests,NA,NA,NA,MT064811,2021,8,28,2016,9,4
pteropus alecto,predict_cov-16,9402,NA,TRUE,FALSE,pteropus,pteropodidae,chiroptera,mammalia,pteropus alecto,NA,NA,coronaviridae,nidovirales,NA,predict_cov-16,FALSE,PCR/Sequencing,PREDICT,PREDICT,June282021PCRTests,NA,NA,NA,MT064812,2021,8,28,2016,9,4
pteropus alecto,predict_cov-16,9402,NA,TRUE,FALSE,pteropus,pteropodidae,chiroptera,mammalia,pteropus alecto,NA,NA,coronaviridae,nidovirales,NA,predict_cov-16,FALSE,PCR/Sequencing,PREDICT,PREDICT,June282021PCRTests,NA,NA,NA,MT064813,2021,8,28,2016,9,5
pteropus alecto,predict_cov-16,9402,NA,TRUE,FALSE,pteropus,pteropodidae,chiroptera,mammalia,pteropus alecto,NA,NA,coronaviridae,nidovirales,NA,predict_cov-16,FALSE,PCR/Sequencing,PREDICT,PREDICT,June282021PCRTests,NA,NA,NA,MT064814,2021,8,28,2016,9,5
pteropus alecto,predict_cov-16,9402,NA,TRUE,FALSE,pteropus,pteropodidae,chiroptera,mammalia,pteropus alecto,NA,NA,coronaviridae,nidovirales,NA,predict_cov-16,FALSE,PCR/Sequencing,PREDICT,PREDICT,June282021PCRTests,NA,NA,NA,MT064815,2021,8,28,2016,9,5
pteropus alecto,predict_cov-16,9402,NA,TRUE,FALSE,pteropus,pteropodidae,chiroptera,mammalia,pteropus alecto,NA,NA,coronaviridae,nidovirales,NA,predict_cov-16,FALSE,PCR/Sequencing,PREDICT,PREDICT,June282021PCRTests,NA,NA,NA,MT064816,2021,8,28,2016,9,17
pteropus alecto,predict_cov-16,9402,NA,TRUE,FALSE,pteropus,pteropodidae,chiroptera,mammalia,pteropus alecto,NA,NA,coronaviridae,nidovirales,NA,predict_cov-16,FALSE,PCR/Sequencing,PREDICT,PREDICT,June282021PCRTests,NA,NA,NA,MT064667,2021,8,28,2017,2,21
pteropus alecto,predict_cov-16,9402,NA,TRUE,FALSE,pteropus,pteropodidae,chiroptera,mammalia,pteropus alecto,NA,NA,coronaviridae,nidovirales,NA,predict_cov-16,FALSE,PCR/Sequencing,PREDICT,PREDICT,June282021PCRTests,NA,NA,NA,MT064668,2021,8,28,2017,2,21
pteropus alecto,predict_cov-16,9402,NA,TRUE,FALSE,pteropus,pteropodidae,chiroptera,mammalia,pteropus alecto,NA,NA,coronaviridae,nidovirales,NA,predict_cov-16,FALSE,PCR/Sequencing,PREDICT,PREDICT,June282021PCRTests,NA,NA,NA,MT064714,2021,8,28,2017,7,23
pteropus alecto,predict_cov-16,9402,NA,TRUE,FALSE,pteropus,pteropodidae,chiroptera,mammalia,pteropus alecto,NA,NA,coronaviridae,nidovirales,NA,predict_cov-16,FALSE,PCR/Sequencing,PREDICT,PREDICT,June282021PCRTests,NA,NA,NA,MT064713,2021,8,28,2017,7,29
pteropus alecto,predict_cov-16,9402,NA,TRUE,FALSE,pteropus,pteropodidae,chiroptera,mammalia,pteropus alecto,NA,NA,coronaviridae,nidovirales,NA,predict_cov-16,FALSE,PCR/Sequencing,PREDICT,PREDICT,June282021PCRTests,NA,NA,NA,MT064712,2021,8,28,2017,7,30
pteropus alecto,predict_cov-16,9402,NA,TRUE,FALSE,pteropus,pteropodidae,chiroptera,mammalia,pteropus alecto,NA,NA,coronaviridae,nidovirales,NA,predict_cov-16,FALSE,PCR/Sequencing,PREDICT,PREDICT,June282021PCRTests,NA,NA,NA,MT064711,2021,8,28,2017,7,30
pteropus alecto,predict_cov-16,9402,NA,TRUE,FALSE,pteropus,pteropodidae,chiroptera,mammalia,pteropus alecto,NA,NA,coronaviridae,nidovirales,NA,predict_cov-16,FALSE,PCR/Sequencing,PREDICT,PREDICT,June282021PCRTests,NA,NA,NA,MT064710,2021,8,28,2017,7,31
pteropus alecto,predict_cov-16,9402,NA,TRUE,FALSE,pteropus,pteropodidae,chiroptera,mammalia,pteropus alecto,NA,NA,coronaviridae,nidovirales,NA,predict_cov-16,FALSE,PCR/Sequencing,PREDICT,PREDICT,June282021PCRTests,NA,NA,NA,MT064737,2021,8,28,2018,1,16
pteropus alecto,predict_cov-16,9402,NA,TRUE,FALSE,pteropus,pteropodidae,chiroptera,mammalia,pteropus alecto,NA,NA,coronaviridae,nidovirales,NA,predict_cov-16,FALSE,PCR/Sequencing,PREDICT,PREDICT,June282021PCRTests,NA,NA,NA,MT064738,2021,8,28,2018,7,14
pteropus alecto,predict_cov-73,9402,NA,TRUE,FALSE,pteropus,pteropodidae,chiroptera,mammalia,pteropus alecto,NA,NA,coronaviridae,nidovirales,NA,predict_cov-73,FALSE,PCR/Sequencing,PREDICT,PREDICT,June282021PCRTests,NA,NA,NA,MT083144,2021,8,28,2016,12,18
pteropus alecto,predict_cov-83,9402,NA,TRUE,FALSE,pteropus,pteropodidae,chiroptera,mammalia,pteropus alecto,NA,NA,coronaviridae,nidovirales,NA,predict_cov-83,FALSE,PCR/Sequencing,PREDICT,PREDICT,June282021PCRTests,NA,NA,NA,MT083197,2021,8,28,2017,2,21
pteropus alecto,predict_cov-83,9402,NA,TRUE,FALSE,pteropus,pteropodidae,chiroptera,mammalia,pteropus alecto,NA,NA,coronaviridae,nidovirales,NA,predict_cov-83,FALSE,PCR/Sequencing,PREDICT,PREDICT,June282021PCRTests,NA,NA,NA,MT083162,2021,8,28,2017,2,21
pteropus alecto,predict_pmv-10,9402,NA,TRUE,FALSE,pteropus,pteropodidae,chiroptera,mammalia,pteropus alecto,NA,NA,paramyxoviridae,mononegavirales,NA,predict_pmv-10,FALSE,PCR/Sequencing,PREDICT,PREDICT,June282021PCRTests,NA,NA,NA,MT063258,2021,8,28,2016,9,5
pteropus alecto,predict_pmv-100,9402,NA,TRUE,FALSE,pteropus,pteropodidae,chiroptera,mammalia,pteropus alecto,NA,NA,paramyxoviridae,mononegavirales,NA,predict_pmv-100,FALSE,PCR/Sequencing,PREDICT,PREDICT,June282021PCRTests,NA,NA,NA,MT063272,2021,8,28,2016,9,2
pteropus alecto,predict_pmv-102,9402,NA,TRUE,FALSE,pteropus,pteropodidae,chiroptera,mammalia,pteropus alecto,NA,NA,paramyxoviridae,mononegavirales,NA,predict_pmv-102,FALSE,PCR/Sequencing,PREDICT,PREDICT,June282021PCRTests,NA,NA,NA,MT063276,2021,8,28,2017,2,21
pteropus alecto,predict_pmv-121,9402,NA,TRUE,FALSE,pteropus,pteropodidae,chiroptera,mammalia,pteropus alecto,NA,NA,paramyxoviridae,mononegavirales,NA,predict_pmv-121,FALSE,PCR/Sequencing,PREDICT,PREDICT,June282021PCRTests,NA,NA,NA,MT063408,2021,8,28,2017,7,29
pteropus alecto,predict_pmv-121,9402,NA,TRUE,FALSE,pteropus,pteropodidae,chiroptera,mammalia,pteropus alecto,NA,NA,paramyxoviridae,mononegavirales,NA,predict_pmv-121,FALSE,PCR/Sequencing,PREDICT,PREDICT,June282021PCRTests,NA,NA,NA,MT063383,2021,8,28,2017,7,29
pteropus alecto,predict_pmv-124,9402,NA,TRUE,FALSE,pteropus,pteropodidae,chiroptera,mammalia,pteropus alecto,NA,NA,paramyxoviridae,mononegavirales,NA,predict_pmv-124,FALSE,PCR/Sequencing,PREDICT,PREDICT,June282021PCRTests,NA,NA,NA,MT063409,2021,8,28,2017,7,29
pteropus alecto,predict_pmv-124,9402,NA,TRUE,FALSE,pteropus,pteropodidae,chiroptera,mammalia,pteropus alecto,NA,NA,paramyxoviridae,mononegavirales,NA,predict_pmv-124,FALSE,PCR/Sequencing,PREDICT,PREDICT,June282021PCRTests,NA,NA,NA,MT063407,2021,8,28,2017,7,29
pteropus alecto,predict_pmv-124,9402,NA,TRUE,FALSE,pteropus,pteropodidae,chiroptera,mammalia,pteropus alecto,NA,NA,paramyxoviridae,mononegavirales,NA,predict_pmv-124,FALSE,PCR/Sequencing,PREDICT,PREDICT,June282021PCRTests,NA,NA,NA,MT063406,2021,8,28,2017,7,31
pteropus alecto,predict_pmv-124,9402,NA,TRUE,FALSE,pteropus,pteropodidae,chiroptera,mammalia,pteropus alecto,NA,NA,paramyxoviridae,mononegavirales,NA,predict_pmv-124,FALSE,PCR/Sequencing,PREDICT,PREDICT,June282021PCRTests,NA,NA,NA,MT063405,2021,8,28,2017,8,1
pteropus alecto,predict_pmv-126,9402,NA,TRUE,FALSE,pteropus,pteropodidae,chiroptera,mammalia,pteropus alecto,NA,NA,paramyxoviridae,mononegavirales,NA,predict_pmv-126,FALSE,PCR/Sequencing,PREDICT,PREDICT,June282021PCRTests,NA,NA,NA,MT063384,2021,8,28,2017,7,28
pteropus alecto,predict_pmv-94,9402,NA,TRUE,FALSE,pteropus,pteropodidae,chiroptera,mammalia,pteropus alecto,NA,NA,paramyxoviridae,mononegavirales,NA,predict_pmv-94,FALSE,PCR/Sequencing,PREDICT,PREDICT,June282021PCRTests,NA,NA,NA,MT063257,2021,8,28,2016,9,2
pteropus alecto,pteropus poliocephalus paramyxovirus,9402,1562768,TRUE,TRUE,pteropus,pteropodidae,chiroptera,mammalia,pteropus alecto,NA,NA,paramyxoviridae,mononegavirales,monjiviricetes,pteropus poliocephalus paramyxovirus,FALSE,PCR/Sequencing,PREDICT,PREDICT,June282021PCRTests,NA,NA,NA,MT083776,2021,8,28,2016,9,5
pteropus conspicillatus,predict_cov-67,328804,NA,TRUE,FALSE,pteropus,pteropodidae,chiroptera,mammalia,pteropus conspicillatus,NA,NA,coronaviridae,nidovirales,NA,predict_cov-67,FALSE,PCR/Sequencing,PREDICT,PREDICT,June282021PCRTests,NA,NA,NA,MT083195,2021,8,28,2018,1,17
pteropus conspicillatus,predict_cov-67,328804,NA,TRUE,FALSE,pteropus,pteropodidae,chiroptera,mammalia,pteropus conspicillatus,NA,NA,coronaviridae,nidovirales,NA,predict_cov-67,FALSE,PCR/Sequencing,PREDICT,PREDICT,June282021PCRTests,NA,NA,NA,MT083193,2021,8,28,2018,1,17
pteropus conspicillatus,predict_cov-67,328804,NA,TRUE,FALSE,pteropus,pteropodidae,chiroptera,mammalia,pteropus conspicillatus,NA,NA,coronaviridae,nidovirales,NA,predict_cov-67,FALSE,PCR/Sequencing,PREDICT,PREDICT,June282021PCRTests,NA,NA,NA,MT083196,2021,8,28,2018,1,17
pteropus conspicillatus,predict_cov-67,328804,NA,TRUE,FALSE,pteropus,pteropodidae,chiroptera,mammalia,pteropus conspicillatus,NA,NA,coronaviridae,nidovirales,NA,predict_cov-67,FALSE,PCR/Sequencing,PREDICT,PREDICT,June282021PCRTests,NA,NA,NA,MT083187,2021,8,28,2018,7,6
rattus hoffmanni,murine coronavirus,435406,694005,TRUE,TRUE,rattus,muridae,rodentia,mammalia,rattus hoffmanni,NA,betacoronavirus,coronaviridae,nidovirales,pisoniviricetes,murine coronavirus,FALSE,PCR/Sequencing,PREDICT,PREDICT,June282021PCRTests,NA,NA,NA,MT083206,2021,8,28,2018,1,26
rattus hoffmanni,murine coronavirus,435406,694005,TRUE,TRUE,rattus,muridae,rodentia,mammalia,rattus hoffmanni,NA,betacoronavirus,coronaviridae,nidovirales,pisoniviricetes,murine coronavirus,FALSE,PCR/Sequencing,PREDICT,PREDICT,June282021PCRTests,NA,NA,NA,"MT064764, MT083207",2021,8,28,2018,1,26
rattus hoffmanni,murine coronavirus,435406,694005,TRUE,TRUE,rattus,muridae,rodentia,mammalia,rattus hoffmanni,NA,betacoronavirus,coronaviridae,nidovirales,pisoniviricetes,murine coronavirus,FALSE,PCR/Sequencing,PREDICT,PREDICT,June282021PCRTests,NA,NA,NA,"MT064767, MT083208",2021,8,28,2018,4,18
rattus hoffmanni,murine coronavirus,435406,694005,TRUE,TRUE,rattus,muridae,rodentia,mammalia,rattus hoffmanni,NA,betacoronavirus,coronaviridae,nidovirales,pisoniviricetes,murine coronavirus,FALSE,PCR/Sequencing,PREDICT,PREDICT,June282021PCRTests,NA,NA,NA,"MT064770, MT064758, MT083199",2021,8,28,2018,4,19
rattus hoffmanni,murine coronavirus,435406,694005,TRUE,TRUE,rattus,muridae,rodentia,mammalia,rattus hoffmanni,NA,betacoronavirus,coronaviridae,nidovirales,pisoniviricetes,murine coronavirus,FALSE,PCR/Sequencing,PREDICT,PREDICT,June282021PCRTests,NA,NA,NA,MT064771,2021,8,28,2018,4,20
rattus hoffmanni,murine coronavirus,435406,694005,TRUE,TRUE,rattus,muridae,rodentia,mammalia,rattus hoffmanni,NA,betacoronavirus,coronaviridae,nidovirales,pisoniviricetes,murine coronavirus,FALSE,PCR/Sequencing,PREDICT,PREDICT,June282021PCRTests,NA,NA,NA,"MT064772, MT083211",2021,8,28,2018,4,20
rattus hoffmanni,murine coronavirus,435406,694005,TRUE,TRUE,rattus,muridae,rodentia,mammalia,rattus hoffmanni,NA,betacoronavirus,coronaviridae,nidovirales,pisoniviricetes,murine coronavirus,FALSE,PCR/Sequencing,PREDICT,PREDICT,June282021PCRTests,NA,NA,NA,MT064759,2021,8,28,2018,4,20
rattus hoffmanni,predict_pmv-154,435406,NA,TRUE,FALSE,rattus,muridae,rodentia,mammalia,rattus hoffmanni,NA,NA,paramyxoviridae,mononegavirales,NA,predict_pmv-154,FALSE,PCR/Sequencing,PREDICT,PREDICT,June282021PCRTests,NA,NA,NA,MT083779,2021,8,28,2018,4,20
rattus hoffmanni,predict_pmv-154,435406,NA,TRUE,FALSE,rattus,muridae,rodentia,mammalia,rattus hoffmanni,NA,NA,paramyxoviridae,mononegavirales,NA,predict_pmv-154,FALSE,PCR/Sequencing,PREDICT,PREDICT,June282021PCRTests,NA,NA,NA,MT083780,2021,8,28,2018,4,20
rattus marmosurus,influenza a virus,NA,11320,FALSE,TRUE,NA,NA,NA,NA,rattus marmosurus,NA,alphainfluenzavirus,orthomyxoviridae,articulavirales,insthoviricetes,influenza a virus,FALSE,PCR/Sequencing,PREDICT,PREDICT,June282021PCRTests,NA,NA,NA,NA,2021,8,28,2017,2,23
rattus marmosurus,influenza a virus,NA,11320,FALSE,TRUE,NA,NA,NA,NA,rattus marmosurus,NA,alphainfluenzavirus,orthomyxoviridae,articulavirales,insthoviricetes,influenza a virus,FALSE,PCR/Sequencing,PREDICT,PREDICT,June282021PCRTests,NA,NA,NA,NA,2021,8,28,2017,2,27
rattus marmosurus,murine coronavirus,NA,694005,FALSE,TRUE,NA,NA,NA,NA,rattus marmosurus,NA,betacoronavirus,coronaviridae,nidovirales,pisoniviricetes,murine coronavirus,FALSE,PCR/Sequencing,PREDICT,PREDICT,June282021PCRTests,NA,NA,NA,MT083163,2021,8,28,2017,3,1
rattus marmosurus,murine coronavirus,NA,694005,FALSE,TRUE,NA,NA,NA,NA,rattus marmosurus,NA,betacoronavirus,coronaviridae,nidovirales,pisoniviricetes,murine coronavirus,FALSE,PCR/Sequencing,PREDICT,PREDICT,June282021PCRTests,NA,NA,NA,"MT083179, MT064722, MT083166",2021,8,28,2017,8,24
rattus marmosurus,murine coronavirus,NA,694005,FALSE,TRUE,NA,NA,NA,NA,rattus marmosurus,NA,betacoronavirus,coronaviridae,nidovirales,pisoniviricetes,murine coronavirus,FALSE,PCR/Sequencing,PREDICT,PREDICT,June282021PCRTests,NA,NA,NA,MT083198,2021,8,28,2018,1,27
NA,predict_pmv-96,10114,NA,TRUE,FALSE,rattus,muridae,rodentia,mammalia,rattus sp.,NA,NA,paramyxoviridae,mononegavirales,NA,predict_pmv-96,FALSE,PCR/Sequencing,PREDICT,PREDICT,June282021PCRTests,NA,NA,NA,MT083775,2021,8,28,2016,3,4
rattus tanezumi,predict_pmv-58,35732,NA,TRUE,FALSE,rattus,muridae,rodentia,mammalia,rattus tanezumi,NA,NA,paramyxoviridae,mononegavirales,NA,predict_pmv-58,FALSE,PCR/Sequencing,PREDICT,PREDICT,June282021PCRTests,NA,NA,NA,MT063634,2021,8,28,2018,8,31
rattus xanthurus,murine coronavirus,2683850,694005,TRUE,TRUE,rattus,muridae,rodentia,mammalia,rattus xanthurus,NA,betacoronavirus,coronaviridae,nidovirales,pisoniviricetes,murine coronavirus,FALSE,PCR/Sequencing,PREDICT,PREDICT,June282021PCRTests,NA,NA,NA,MT064765,2021,8,28,2018,1,26
rattus xanthurus,murine coronavirus,2683850,694005,TRUE,TRUE,rattus,muridae,rodentia,mammalia,rattus xanthurus,NA,betacoronavirus,coronaviridae,nidovirales,pisoniviricetes,murine coronavirus,FALSE,PCR/Sequencing,PREDICT,PREDICT,June282021PCRTests,NA,NA,NA,"MT064768, MT083209",2021,8,28,2018,4,19
rhinolophus alcyone,kenya bat coronavirus/btky83/59/58,249024,NA,TRUE,FALSE,rhinolophus,rhinolophidae,chiroptera,mammalia,rhinolophus alcyone,NA,alphacoronavirus,coronaviridae,nidovirales,NA,kenya bat coronavirus/btky83/59/58,FALSE,PCR/Sequencing,PREDICT,PREDICT,June282021PCRTests,NA,NA,NA,MT082121,2021,8,28,2018,5,9
rousettus amplexicaudatus,influenza a virus,58083,11320,TRUE,TRUE,rousettus,pteropodidae,chiroptera,mammalia,rousettus amplexicaudatus,NA,alphainfluenzavirus,orthomyxoviridae,articulavirales,insthoviricetes,influenza a virus,FALSE,PCR/Sequencing,PREDICT,PREDICT,June282021PCRTests,NA,NA,NA,NA,2021,8,28,2017,3,1
rousettus amplexicaudatus,predict_pmv-112,58083,NA,TRUE,FALSE,rousettus,pteropodidae,chiroptera,mammalia,rousettus amplexicaudatus,NA,NA,paramyxoviridae,mononegavirales,NA,predict_pmv-112,FALSE,PCR/Sequencing,PREDICT,PREDICT,June282021PCRTests,NA,NA,NA,MT083778,2021,8,28,2017,3,1
tadorna ferruginea,influenza a virus,45639,11320,TRUE,TRUE,tadorna,anatidae,anseriformes,aves,tadorna ferruginea,NA,alphainfluenzavirus,orthomyxoviridae,articulavirales,insthoviricetes,influenza a virus,FALSE,PCR/Sequencing,PREDICT,PREDICT,June282021PCRTests,NA,NA,NA,NA,2021,8,28,2016,9,24
tadorna ferruginea,influenza a virus,45639,11320,TRUE,TRUE,tadorna,anatidae,anseriformes,aves,tadorna ferruginea,NA,alphainfluenzavirus,orthomyxoviridae,articulavirales,insthoviricetes,influenza a virus,FALSE,PCR/Sequencing,PREDICT,PREDICT,June282021PCRTests,NA,NA,NA,NA,2021,8,28,2016,9,24
tadorna ferruginea,influenza a virus,45639,11320,TRUE,TRUE,tadorna,anatidae,anseriformes,aves,tadorna ferruginea,NA,alphainfluenzavirus,orthomyxoviridae,articulavirales,insthoviricetes,influenza a virus,FALSE,PCR/Sequencing,PREDICT,PREDICT,June282021PCRTests,NA,NA,NA,NA,2021,8,28,2016,9,24
tadorna ferruginea,influenza a virus,45639,11320,TRUE,TRUE,tadorna,anatidae,anseriformes,aves,tadorna ferruginea,NA,alphainfluenzavirus,orthomyxoviridae,articulavirales,insthoviricetes,influenza a virus,FALSE,PCR/Sequencing,PREDICT,PREDICT,June282021PCRTests,NA,NA,NA,NA,2021,8,28,2016,9,23
tadorna ferruginea,influenza a virus,45639,11320,TRUE,TRUE,tadorna,anatidae,anseriformes,aves,tadorna ferruginea,NA,alphainfluenzavirus,orthomyxoviridae,articulavirales,insthoviricetes,influenza a virus,FALSE,PCR/Sequencing,PREDICT,PREDICT,June282021PCRTests,NA,NA,NA,NA,2021,8,28,2016,9,23
tadorna ferruginea,influenza a virus,45639,11320,TRUE,TRUE,tadorna,anatidae,anseriformes,aves,tadorna ferruginea,NA,alphainfluenzavirus,orthomyxoviridae,articulavirales,insthoviricetes,influenza a virus,FALSE,PCR/Sequencing,PREDICT,PREDICT,June282021PCRTests,NA,NA,NA,NA,2021,8,28,2016,9,23
tadorna ferruginea,influenza a virus,45639,11320,TRUE,TRUE,tadorna,anatidae,anseriformes,aves,tadorna ferruginea,NA,alphainfluenzavirus,orthomyxoviridae,articulavirales,insthoviricetes,influenza a virus,FALSE,PCR/Sequencing,PREDICT,PREDICT,June282021PCRTests,NA,NA,NA,NA,2021,8,28,2016,9,23
tadorna ferruginea,influenza a virus,45639,11320,TRUE,TRUE,tadorna,anatidae,anseriformes,aves,tadorna ferruginea,NA,alphainfluenzavirus,orthomyxoviridae,articulavirales,insthoviricetes,influenza a virus,FALSE,PCR/Sequencing,PREDICT,PREDICT,June282021PCRTests,NA,NA,NA,NA,2021,8,28,2016,9,23
tadorna ferruginea,influenza a virus,45639,11320,TRUE,TRUE,tadorna,anatidae,anseriformes,aves,tadorna ferruginea,NA,alphainfluenzavirus,orthomyxoviridae,articulavirales,insthoviricetes,influenza a virus,FALSE,PCR/Sequencing,PREDICT,PREDICT,June282021PCRTests,NA,NA,NA,NA,2021,8,28,2016,9,23
tadorna ferruginea,influenza a virus,45639,11320,TRUE,TRUE,tadorna,anatidae,anseriformes,aves,tadorna ferruginea,NA,alphainfluenzavirus,orthomyxoviridae,articulavirales,insthoviricetes,influenza a virus,FALSE,PCR/Sequencing,PREDICT,PREDICT,June282021PCRTests,NA,NA,NA,NA,2021,8,28,2016,9,23
tadorna ferruginea,influenza a virus,45639,11320,TRUE,TRUE,tadorna,anatidae,anseriformes,aves,tadorna ferruginea,NA,alphainfluenzavirus,orthomyxoviridae,articulavirales,insthoviricetes,influenza a virus,FALSE,PCR/Sequencing,PREDICT,PREDICT,June282021PCRTests,NA,NA,NA,NA,2021,8,28,2016,9,23
tadorna ferruginea,influenza a virus,45639,11320,TRUE,TRUE,tadorna,anatidae,anseriformes,aves,tadorna ferruginea,NA,alphainfluenzavirus,orthomyxoviridae,articulavirales,insthoviricetes,influenza a virus,FALSE,PCR/Sequencing,PREDICT,PREDICT,June282021PCRTests,NA,NA,NA,NA,2021,8,28,2016,9,20
tadorna ferruginea,influenza a virus,45639,11320,TRUE,TRUE,tadorna,anatidae,anseriformes,aves,tadorna ferruginea,NA,alphainfluenzavirus,orthomyxoviridae,articulavirales,insthoviricetes,influenza a virus,FALSE,PCR/Sequencing,PREDICT,PREDICT,June282021PCRTests,NA,NA,NA,NA,2021,8,28,2016,9,20
tadorna ferruginea,influenza a virus,45639,11320,TRUE,TRUE,tadorna,anatidae,anseriformes,aves,tadorna ferruginea,NA,alphainfluenzavirus,orthomyxoviridae,articulavirales,insthoviricetes,influenza a virus,FALSE,PCR/Sequencing,PREDICT,PREDICT,June282021PCRTests,NA,NA,NA,NA,2021,8,28,2016,9,12
tadorna ferruginea,influenza a virus,45639,11320,TRUE,TRUE,tadorna,anatidae,anseriformes,aves,tadorna ferruginea,NA,alphainfluenzavirus,orthomyxoviridae,articulavirales,insthoviricetes,influenza a virus,FALSE,PCR/Sequencing,PREDICT,PREDICT,June282021PCRTests,NA,NA,NA,NA,2021,8,28,2016,9,12
tadorna ferruginea,influenza a virus,45639,11320,TRUE,TRUE,tadorna,anatidae,anseriformes,aves,tadorna ferruginea,NA,alphainfluenzavirus,orthomyxoviridae,articulavirales,insthoviricetes,influenza a virus,FALSE,PCR/Sequencing,PREDICT,PREDICT,June282021PCRTests,NA,NA,NA,NA,2021,8,28,2016,9,12
tadorna ferruginea,influenza a virus,45639,11320,TRUE,TRUE,tadorna,anatidae,anseriformes,aves,tadorna ferruginea,NA,alphainfluenzavirus,orthomyxoviridae,articulavirales,insthoviricetes,influenza a virus,FALSE,PCR/Sequencing,PREDICT,PREDICT,June282021PCRTests,NA,NA,NA,NA,2021,8,28,2016,9,12
tadorna ferruginea,influenza a virus,45639,11320,TRUE,TRUE,tadorna,anatidae,anseriformes,aves,tadorna ferruginea,NA,alphainfluenzavirus,orthomyxoviridae,articulavirales,insthoviricetes,influenza a virus,FALSE,PCR/Sequencing,PREDICT,PREDICT,June282021PCRTests,NA,NA,NA,NA,2021,8,28,2016,9,12
tadorna ferruginea,influenza a virus,45639,11320,TRUE,TRUE,tadorna,anatidae,anseriformes,aves,tadorna ferruginea,NA,alphainfluenzavirus,orthomyxoviridae,articulavirales,insthoviricetes,influenza a virus,FALSE,PCR/Sequencing,PREDICT,PREDICT,June282021PCRTests,NA,NA,NA,NA,2021,8,28,2016,9,12
tadorna ferruginea,influenza a virus,45639,11320,TRUE,TRUE,tadorna,anatidae,anseriformes,aves,tadorna ferruginea,NA,alphainfluenzavirus,orthomyxoviridae,articulavirales,insthoviricetes,influenza a virus,FALSE,PCR/Sequencing,PREDICT,PREDICT,June282021PCRTests,NA,NA,NA,NA,2021,8,28,2016,9,12
tadorna ferruginea,influenza a virus,45639,11320,TRUE,TRUE,tadorna,anatidae,anseriformes,aves,tadorna ferruginea,NA,alphainfluenzavirus,orthomyxoviridae,articulavirales,insthoviricetes,influenza a virus,FALSE,PCR/Sequencing,PREDICT,PREDICT,June282021PCRTests,NA,NA,NA,NA,2021,8,28,2016,9,8
tadorna ferruginea,influenza a virus,45639,11320,TRUE,TRUE,tadorna,anatidae,anseriformes,aves,tadorna ferruginea,NA,alphainfluenzavirus,orthomyxoviridae,articulavirales,insthoviricetes,influenza a virus,FALSE,PCR/Sequencing,PREDICT,PREDICT,June282021PCRTests,NA,NA,NA,NA,2021,8,28,2016,9,8
tadorna ferruginea,influenza a virus,45639,11320,TRUE,TRUE,tadorna,anatidae,anseriformes,aves,tadorna ferruginea,NA,alphainfluenzavirus,orthomyxoviridae,articulavirales,insthoviricetes,influenza a virus,FALSE,PCR/Sequencing,PREDICT,PREDICT,June282021PCRTests,NA,NA,NA,NA,2021,8,28,2016,9,8
tadorna ferruginea,influenza a virus,45639,11320,TRUE,TRUE,tadorna,anatidae,anseriformes,aves,tadorna ferruginea,NA,alphainfluenzavirus,orthomyxoviridae,articulavirales,insthoviricetes,influenza a virus,FALSE,PCR/Sequencing,PREDICT,PREDICT,June282021PCRTests,NA,NA,NA,NA,2021,8,28,2017,5,1
thoopterus nigrescens,predict_pmv-122,58087,NA,TRUE,FALSE,thoopterus,pteropodidae,chiroptera,mammalia,thoopterus nigrescens,NA,NA,paramyxoviridae,mononegavirales,NA,predict_pmv-122,FALSE,PCR/Sequencing,PREDICT,PREDICT,June282021PCRTests,NA,NA,NA,MT063382,2021,8,28,2017,8,28
NA,influenza a virus,58086,11320,TRUE,TRUE,thoopterus,pteropodidae,chiroptera,mammalia,thoopterus sp.,NA,alphainfluenzavirus,orthomyxoviridae,articulavirales,insthoviricetes,influenza a virus,FALSE,PCR/Sequencing,PREDICT,PREDICT,June282021PCRTests,NA,NA,NA,NA,2021,8,28,2017,2,27
NA,philippines/diliman1525g2/2008,58086,NA,TRUE,FALSE,thoopterus,pteropodidae,chiroptera,mammalia,thoopterus sp.,NA,betacoronavirus,coronaviridae,nidovirales,NA,philippines/diliman1525g2/2008,FALSE,PCR/Sequencing,PREDICT,PREDICT,June282021PCRTests,NA,NA,NA,"MT064819, MT083059",2021,8,28,2017,3,1
